웹툰명,회차,이미지_개수
FRIDAY_1초,bundle_01,12
FRIDAY_1초,bundle_02,17
FRIDAY_1초,bundle_03,22
FRIDAY_1초,bundle_04,23
FRIDAY_1초,bundle_05,22
FRIDAY_3분의 1이 없어도,bundle_01,10
FRIDAY_3분의 1이 없어도,bundle_02,11
FRIDAY_3분의 1이 없어도,bundle_03,13
FRIDAY_3분의 1이 없어도,bundle_04,13
FRIDAY_3분의 1이 없어도,bundle_05,12
FRIDAY_A.I. 닥터,bundle_01,17
FRIDAY_A.I. 닥터,bundle_02,17
FRIDAY_A.I. 닥터,bundle_03,20
FRIDAY_A.I. 닥터,bundle_04,22
FRIDAY_A.I. 닥터,bundle_05,21
FRIDAY_가장 썩은 것을 줄게,bundle_01,21
FRIDAY_가장 썩은 것을 줄게,bundle_02,24
FRIDAY_가장 썩은 것을 줄게,bundle_03,22
FRIDAY_가장 썩은 것을 줄게,bundle_04,24
FRIDAY_가장 썩은 것을 줄게,bundle_05,17
FRIDAY_개집사,bundle_01,10
FRIDAY_개집사,bundle_02,10
FRIDAY_개집사,bundle_03,10
FRIDAY_개집사,bundle_04,10
FRIDAY_개집사,bundle_05,10
FRIDAY_광마회귀,bundle_01,18
FRIDAY_광마회귀,bundle_02,20
FRIDAY_광마회귀,bundle_03,19
FRIDAY_광마회귀,bundle_04,18
FRIDAY_광마회귀,bundle_05,17
FRIDAY_괴물 의상실,bundle_01,16
FRIDAY_괴물 의상실,bundle_02,14
FRIDAY_괴물 의상실,bundle_03,15
FRIDAY_괴물 의상실,bundle_04,15
FRIDAY_괴물 의상실,bundle_05,17
FRIDAY_구야는 신입,bundle_01,10
FRIDAY_구야는 신입,bundle_02,10
FRIDAY_구야는 신입,bundle_03,10
FRIDAY_구야는 신입,bundle_04,10
FRIDAY_구야는 신입,bundle_05,10
FRIDAY_그 기사가 레이디로 사는 법,bundle_01,15
FRIDAY_그 기사가 레이디로 사는 법,bundle_02,12
FRIDAY_그 기사가 레이디로 사는 법,bundle_03,18
FRIDAY_그 기사가 레이디로 사는 법,bundle_04,20
FRIDAY_그 기사가 레이디로 사는 법,bundle_05,19
FRIDAY_그거 사랑 아니야,bundle_01,27
FRIDAY_그거 사랑 아니야,bundle_02,19
FRIDAY_그거 사랑 아니야,bundle_03,20
FRIDAY_그거 사랑 아니야,bundle_04,18
FRIDAY_그거 사랑 아니야,bundle_05,22
FRIDAY_그냥 선생님,bundle_01,10
FRIDAY_그냥 선생님,bundle_02,10
FRIDAY_그냥 선생님,bundle_03,10
FRIDAY_그냥 선생님,bundle_04,10
FRIDAY_그냥 선생님,bundle_05,10
FRIDAY_그렇게 물거품이 되어도,bundle_01,23
FRIDAY_그렇게 물거품이 되어도,bundle_02,18
FRIDAY_그렇게 물거품이 되어도,bundle_03,18
FRIDAY_그렇게 물거품이 되어도,bundle_04,17
FRIDAY_그렇게 물거품이 되어도,bundle_05,17
FRIDAY_나 혼자 만렙 뉴비,bundle_01,27
FRIDAY_나 혼자 만렙 뉴비,bundle_02,27
FRIDAY_나 혼자 만렙 뉴비,bundle_03,27
FRIDAY_나 혼자 만렙 뉴비,bundle_04,23
FRIDAY_나 혼자 만렙 뉴비,bundle_05,21
FRIDAY_달이 없는 나라,bundle_01,10
FRIDAY_달이 없는 나라,bundle_02,10
FRIDAY_달이 없는 나라,bundle_03,10
FRIDAY_달이 없는 나라,bundle_04,10
FRIDAY_달이 없는 나라,bundle_05,11
FRIDAY_도깨비의 밤,bundle_01,23
FRIDAY_도깨비의 밤,bundle_02,25
FRIDAY_도깨비의 밤,bundle_03,31
FRIDAY_도깨비의 밤,bundle_04,31
FRIDAY_도깨비의 밤,bundle_05,27
FRIDAY_도무지 그애는,bundle_01,10
FRIDAY_도무지 그애는,bundle_02,10
FRIDAY_도무지 그애는,bundle_03,12
FRIDAY_도무지 그애는,bundle_04,11
FRIDAY_도무지 그애는,bundle_05,10
FRIDAY_돈구멍,bundle_01,22
FRIDAY_돈구멍,bundle_02,27
FRIDAY_돈구멍,bundle_03,25
FRIDAY_돈구멍,bundle_04,24
FRIDAY_돈구멍,bundle_05,25
FRIDAY_말년용사,bundle_01,22
FRIDAY_말년용사,bundle_02,16
FRIDAY_말년용사,bundle_03,16
FRIDAY_말년용사,bundle_04,17
FRIDAY_말년용사,bundle_05,18
FRIDAY_몽홀,bundle_01,10
FRIDAY_몽홀,bundle_02,10
FRIDAY_몽홀,bundle_03,10
FRIDAY_몽홀,bundle_04,10
FRIDAY_몽홀,bundle_05,10
FRIDAY_미드우트,bundle_01,19
FRIDAY_미드우트,bundle_02,23
FRIDAY_미드우트,bundle_03,21
FRIDAY_미드우트,bundle_04,17
FRIDAY_미드우트,bundle_05,19
FRIDAY_백년게임,bundle_01,23
FRIDAY_백년게임,bundle_02,20
FRIDAY_백년게임,bundle_03,17
FRIDAY_백년게임,bundle_04,19
FRIDAY_백년게임,bundle_05,20
FRIDAY_보이스피싱인데 인생역전,bundle_01,31
FRIDAY_보이스피싱인데 인생역전,bundle_02,31
FRIDAY_보이스피싱인데 인생역전,bundle_03,29
FRIDAY_보이스피싱인데 인생역전,bundle_04,31
FRIDAY_보이스피싱인데 인생역전,bundle_05,31
FRIDAY_북설애담,bundle_01,16
FRIDAY_북설애담,bundle_02,17
FRIDAY_북설애담,bundle_03,17
FRIDAY_북설애담,bundle_04,20
FRIDAY_북설애담,bundle_05,21
FRIDAY_뼈왕,bundle_01,24
FRIDAY_뼈왕,bundle_02,15
FRIDAY_뼈왕,bundle_03,16
FRIDAY_뼈왕,bundle_04,19
FRIDAY_뼈왕,bundle_05,15
FRIDAY_사냥개의 회귀본능,bundle_01,17
FRIDAY_사냥개의 회귀본능,bundle_02,16
FRIDAY_사냥개의 회귀본능,bundle_03,21
FRIDAY_사냥개의 회귀본능,bundle_04,21
FRIDAY_사냥개의 회귀본능,bundle_05,20
FRIDAY_사자의 서,bundle_01,18
FRIDAY_사자의 서,bundle_02,18
FRIDAY_사자의 서,bundle_03,18
FRIDAY_사자의 서,bundle_04,17
FRIDAY_사자의 서,bundle_05,19
FRIDAY_상남자,bundle_01,17
FRIDAY_상남자,bundle_02,19
FRIDAY_상남자,bundle_03,17
FRIDAY_상남자,bundle_04,23
FRIDAY_상남자,bundle_05,23
FRIDAY_새동네,bundle_01,19
FRIDAY_새동네,bundle_02,21
FRIDAY_새동네,bundle_03,28
FRIDAY_새동네,bundle_04,24
FRIDAY_새동네,bundle_05,35
FRIDAY_세자와 세자빈의 계약혼인전,bundle_01,17
FRIDAY_세자와 세자빈의 계약혼인전,bundle_02,15
FRIDAY_세자와 세자빈의 계약혼인전,bundle_03,15
FRIDAY_세자와 세자빈의 계약혼인전,bundle_04,17
FRIDAY_세자와 세자빈의 계약혼인전,bundle_05,18
FRIDAY_아라드의 빛_ 먼저 걷는 자,bundle_01,22
FRIDAY_아라드의 빛_ 먼저 걷는 자,bundle_02,24
FRIDAY_아라드의 빛_ 먼저 걷는 자,bundle_03,19
FRIDAY_아라드의 빛_ 먼저 걷는 자,bundle_04,23
FRIDAY_아라드의 빛_ 먼저 걷는 자,bundle_05,18
FRIDAY_아르마딜로,bundle_01,10
FRIDAY_아르마딜로,bundle_02,10
FRIDAY_아르마딜로,bundle_03,10
FRIDAY_아르마딜로,bundle_04,10
FRIDAY_아르마딜로,bundle_05,10
FRIDAY_암살청과,bundle_01,35
FRIDAY_암살청과,bundle_02,34
FRIDAY_암살청과,bundle_03,25
FRIDAY_암살청과,bundle_04,26
FRIDAY_암살청과,bundle_05,27
FRIDAY_어쩌다보니 천생연분,bundle_01,26
FRIDAY_어쩌다보니 천생연분,bundle_02,15
FRIDAY_어쩌다보니 천생연분,bundle_03,21
FRIDAY_어쩌다보니 천생연분,bundle_04,21
FRIDAY_어쩌다보니 천생연분,bundle_05,24
FRIDAY_언니_ 이번 생엔 내가 왕비야,bundle_01,36
FRIDAY_언니_ 이번 생엔 내가 왕비야,bundle_02,24
FRIDAY_언니_ 이번 생엔 내가 왕비야,bundle_03,28
FRIDAY_언니_ 이번 생엔 내가 왕비야,bundle_04,21
FRIDAY_언니_ 이번 생엔 내가 왕비야,bundle_05,23
FRIDAY_여동생은 오늘 밤 나를 간택한다,bundle_01,19
FRIDAY_여동생은 오늘 밤 나를 간택한다,bundle_02,13
FRIDAY_여동생은 오늘 밤 나를 간택한다,bundle_03,15
FRIDAY_여동생은 오늘 밤 나를 간택한다,bundle_04,12
FRIDAY_여동생은 오늘 밤 나를 간택한다,bundle_05,12
FRIDAY_역대급 영지 설계사,bundle_01,20
FRIDAY_역대급 영지 설계사,bundle_02,16
FRIDAY_역대급 영지 설계사,bundle_03,19
FRIDAY_역대급 영지 설계사,bundle_04,17
FRIDAY_역대급 영지 설계사,bundle_05,20
FRIDAY_연애의 기록,bundle_01,16
FRIDAY_연애의 기록,bundle_02,19
FRIDAY_연애의 기록,bundle_03,15
FRIDAY_연애의 기록,bundle_04,16
FRIDAY_연애의 기록,bundle_05,16
FRIDAY_열렙전사 3부,bundle_01,39
FRIDAY_열렙전사 3부,bundle_02,26
FRIDAY_열렙전사 3부,bundle_03,26
FRIDAY_열렙전사 3부,bundle_04,28
FRIDAY_열렙전사 3부,bundle_05,41
FRIDAY_온리호프,bundle_01,15
FRIDAY_온리호프,bundle_02,16
FRIDAY_온리호프,bundle_03,16
FRIDAY_온리호프,bundle_04,15
FRIDAY_온리호프,bundle_05,16
FRIDAY_외모지상주의,bundle_01,15
FRIDAY_외모지상주의,bundle_02,10
FRIDAY_외모지상주의,bundle_03,16
FRIDAY_외모지상주의,bundle_04,35
FRIDAY_외모지상주의,bundle_05,32
FRIDAY_유부 감자,bundle_01,10
FRIDAY_유부 감자,bundle_02,10
FRIDAY_유부 감자,bundle_03,10
FRIDAY_유부 감자,bundle_04,10
FRIDAY_유부 감자,bundle_05,10
FRIDAY_재혼 황후,bundle_01,10
FRIDAY_재혼 황후,bundle_02,14
FRIDAY_재혼 황후,bundle_03,15
FRIDAY_재혼 황후,bundle_04,20
FRIDAY_재혼 황후,bundle_05,20
FRIDAY_절세미남 망나니 해골 되다,bundle_01,26
FRIDAY_절세미남 망나니 해골 되다,bundle_02,24
FRIDAY_절세미남 망나니 해골 되다,bundle_03,24
FRIDAY_절세미남 망나니 해골 되다,bundle_04,26
FRIDAY_절세미남 망나니 해골 되다,bundle_05,24
FRIDAY_죽지 않으려면,bundle_01,25
FRIDAY_죽지 않으려면,bundle_02,26
FRIDAY_죽지 않으려면,bundle_03,26
FRIDAY_죽지 않으려면,bundle_04,35
FRIDAY_죽지 않으려면,bundle_05,38
FRIDAY_천하제일 대사형,bundle_01,20
FRIDAY_천하제일 대사형,bundle_02,29
FRIDAY_천하제일 대사형,bundle_03,27
FRIDAY_천하제일 대사형,bundle_04,29
FRIDAY_천하제일 대사형,bundle_05,26
FRIDAY_초등생활 그림일기,bundle_01,10
FRIDAY_초등생활 그림일기,bundle_02,10
FRIDAY_초등생활 그림일기,bundle_03,10
FRIDAY_초등생활 그림일기,bundle_04,10
FRIDAY_초등생활 그림일기,bundle_05,10
FRIDAY_콜미로맨틱,bundle_01,21
FRIDAY_콜미로맨틱,bundle_02,22
FRIDAY_콜미로맨틱,bundle_03,21
FRIDAY_콜미로맨틱,bundle_04,21
FRIDAY_콜미로맨틱,bundle_05,25
FRIDAY_킬 더 드래곤,bundle_01,23
FRIDAY_킬 더 드래곤,bundle_02,23
FRIDAY_킬 더 드래곤,bundle_03,21
FRIDAY_킬 더 드래곤,bundle_04,22
FRIDAY_킬 더 드래곤,bundle_05,23
FRIDAY_파티에서 추방된 영웅이 너무 뛰어남,bundle_01,33
FRIDAY_파티에서 추방된 영웅이 너무 뛰어남,bundle_02,28
FRIDAY_파티에서 추방된 영웅이 너무 뛰어남,bundle_03,27
FRIDAY_파티에서 추방된 영웅이 너무 뛰어남,bundle_04,31
FRIDAY_파티에서 추방된 영웅이 너무 뛰어남,bundle_05,34
FRIDAY_펜홀더,bundle_01,36
FRIDAY_펜홀더,bundle_02,53
FRIDAY_펜홀더,bundle_03,51
FRIDAY_펜홀더,bundle_04,54
FRIDAY_펜홀더,bundle_05,64
FRIDAY_히어로 킬러,bundle_01,24
FRIDAY_히어로 킬러,bundle_02,20
FRIDAY_히어로 킬러,bundle_03,22
FRIDAY_히어로 킬러,bundle_04,19
FRIDAY_히어로 킬러,bundle_05,20
MONDAY_K학원 생존기,bundle_01,10
MONDAY_K학원 생존기,bundle_02,10
MONDAY_K학원 생존기,bundle_03,10
MONDAY_K학원 생존기,bundle_04,10
MONDAY_K학원 생존기,bundle_05,10
MONDAY_공녀님의 꽃밭에는 그들이 산다,bundle_01,24
MONDAY_공녀님의 꽃밭에는 그들이 산다,bundle_02,23
MONDAY_공녀님의 꽃밭에는 그들이 산다,bundle_03,24
MONDAY_공녀님의 꽃밭에는 그들이 산다,bundle_04,20
MONDAY_공녀님의 꽃밭에는 그들이 산다,bundle_05,20
MONDAY_구야는 신입,bundle_01,10
MONDAY_구야는 신입,bundle_02,10
MONDAY_구야는 신입,bundle_03,10
MONDAY_구야는 신입,bundle_04,10
MONDAY_구야는 신입,bundle_05,10
MONDAY_귀촌리,bundle_01,19
MONDAY_귀촌리,bundle_02,19
MONDAY_귀촌리,bundle_03,21
MONDAY_귀촌리,bundle_04,21
MONDAY_귀촌리,bundle_05,22
MONDAY_기생몽,bundle_01,24
MONDAY_기생몽,bundle_02,22
MONDAY_기생몽,bundle_03,18
MONDAY_기생몽,bundle_04,18
MONDAY_기생몽,bundle_05,17
MONDAY_날 먹는 건 금지양!,bundle_01,13
MONDAY_날 먹는 건 금지양!,bundle_02,13
MONDAY_날 먹는 건 금지양!,bundle_03,12
MONDAY_날 먹는 건 금지양!,bundle_04,13
MONDAY_날 먹는 건 금지양!,bundle_05,12
MONDAY_다육이는 잘 자란다,bundle_01,12
MONDAY_다육이는 잘 자란다,bundle_02,15
MONDAY_다육이는 잘 자란다,bundle_03,15
MONDAY_다육이는 잘 자란다,bundle_04,16
MONDAY_다육이는 잘 자란다,bundle_05,16
MONDAY_달로 만든 아이,bundle_01,15
MONDAY_달로 만든 아이,bundle_02,16
MONDAY_달로 만든 아이,bundle_03,14
MONDAY_달로 만든 아이,bundle_04,10
MONDAY_달로 만든 아이,bundle_05,10
MONDAY_더블클릭,bundle_01,24
MONDAY_더블클릭,bundle_02,25
MONDAY_더블클릭,bundle_03,20
MONDAY_더블클릭,bundle_04,26
MONDAY_더블클릭,bundle_05,27
MONDAY_두번째 신의아이,bundle_01,17
MONDAY_두번째 신의아이,bundle_02,18
MONDAY_두번째 신의아이,bundle_03,15
MONDAY_두번째 신의아이,bundle_04,14
MONDAY_두번째 신의아이,bundle_05,12
MONDAY_똑 닮은 딸,bundle_01,18
MONDAY_똑 닮은 딸,bundle_02,17
MONDAY_똑 닮은 딸,bundle_03,18
MONDAY_똑 닮은 딸,bundle_04,17
MONDAY_똑 닮은 딸,bundle_05,20
MONDAY_미친 재능의 플레이어,bundle_01,24
MONDAY_미친 재능의 플레이어,bundle_02,21
MONDAY_미친 재능의 플레이어,bundle_03,20
MONDAY_미친 재능의 플레이어,bundle_04,22
MONDAY_미친 재능의 플레이어,bundle_05,24
MONDAY_백수세끼,bundle_01,16
MONDAY_백수세끼,bundle_02,16
MONDAY_백수세끼,bundle_03,17
MONDAY_백수세끼,bundle_04,18
MONDAY_백수세끼,bundle_05,17
MONDAY_버림받은 왕녀의 은밀한 침실,bundle_01,29
MONDAY_버림받은 왕녀의 은밀한 침실,bundle_02,21
MONDAY_버림받은 왕녀의 은밀한 침실,bundle_03,27
MONDAY_버림받은 왕녀의 은밀한 침실,bundle_04,24
MONDAY_버림받은 왕녀의 은밀한 침실,bundle_05,22
MONDAY_사이다걸,bundle_01,25
MONDAY_사이다걸,bundle_02,27
MONDAY_사이다걸,bundle_03,20
MONDAY_사이다걸,bundle_04,16
MONDAY_사이다걸,bundle_05,18
MONDAY_소녀의 세계,bundle_01,16
MONDAY_소녀의 세계,bundle_02,15
MONDAY_소녀의 세계,bundle_03,16
MONDAY_소녀의 세계,bundle_04,15
MONDAY_소녀의 세계,bundle_05,17
MONDAY_소소한 기행,bundle_01,10
MONDAY_소소한 기행,bundle_02,10
MONDAY_소소한 기행,bundle_03,10
MONDAY_소소한 기행,bundle_04,10
MONDAY_소소한 기행,bundle_05,10
MONDAY_신화급 귀속 아이템을 손에 넣었다,bundle_01,21
MONDAY_신화급 귀속 아이템을 손에 넣었다,bundle_02,23
MONDAY_신화급 귀속 아이템을 손에 넣었다,bundle_03,17
MONDAY_신화급 귀속 아이템을 손에 넣었다,bundle_04,17
MONDAY_신화급 귀속 아이템을 손에 넣었다,bundle_05,24
MONDAY_아직 제목 없음,bundle_01,19
MONDAY_아직 제목 없음,bundle_02,16
MONDAY_아직 제목 없음,bundle_03,14
MONDAY_아직 제목 없음,bundle_04,15
MONDAY_아직 제목 없음,bundle_05,16
MONDAY_아포칼립스에 집을 숨김,bundle_01,22
MONDAY_아포칼립스에 집을 숨김,bundle_02,21
MONDAY_아포칼립스에 집을 숨김,bundle_03,29
MONDAY_아포칼립스에 집을 숨김,bundle_04,28
MONDAY_아포칼립스에 집을 숨김,bundle_05,30
MONDAY_악당 가족이 독립을 반대한다,bundle_01,14
MONDAY_악당 가족이 독립을 반대한다,bundle_02,15
MONDAY_악당 가족이 독립을 반대한다,bundle_03,15
MONDAY_악당 가족이 독립을 반대한다,bundle_04,14
MONDAY_악당 가족이 독립을 반대한다,bundle_05,18
MONDAY_악당과 악당이 만나면,bundle_01,15
MONDAY_악당과 악당이 만나면,bundle_02,14
MONDAY_악당과 악당이 만나면,bundle_03,15
MONDAY_악당과 악당이 만나면,bundle_04,14
MONDAY_악당과 악당이 만나면,bundle_05,13
MONDAY_어쌔신 크리드 - 잊혀진 사원,bundle_01,31
MONDAY_어쌔신 크리드 - 잊혀진 사원,bundle_02,28
MONDAY_어쌔신 크리드 - 잊혀진 사원,bundle_03,28
MONDAY_어쌔신 크리드 - 잊혀진 사원,bundle_04,36
MONDAY_어쌔신 크리드 - 잊혀진 사원,bundle_05,28
MONDAY_여고생이 신인데 나만 괴롭힘,bundle_01,36
MONDAY_여고생이 신인데 나만 괴롭힘,bundle_02,23
MONDAY_여고생이 신인데 나만 괴롭힘,bundle_03,19
MONDAY_여고생이 신인데 나만 괴롭힘,bundle_04,20
MONDAY_여고생이 신인데 나만 괴롭힘,bundle_05,23
MONDAY_영앤리치가 아니야!,bundle_01,10
MONDAY_영앤리치가 아니야!,bundle_02,10
MONDAY_영앤리치가 아니야!,bundle_03,10
MONDAY_영앤리치가 아니야!,bundle_04,10
MONDAY_영앤리치가 아니야!,bundle_05,10
MONDAY_영업 천재가 되었다,bundle_01,13
MONDAY_영업 천재가 되었다,bundle_02,13
MONDAY_영업 천재가 되었다,bundle_03,13
MONDAY_영업 천재가 되었다,bundle_04,16
MONDAY_영업 천재가 되었다,bundle_05,17
MONDAY_왕과의 야행,bundle_01,24
MONDAY_왕과의 야행,bundle_02,29
MONDAY_왕과의 야행,bundle_03,27
MONDAY_왕과의 야행,bundle_04,29
MONDAY_왕과의 야행,bundle_05,32
MONDAY_요리사가 되고 싶은 천마님,bundle_01,25
MONDAY_요리사가 되고 싶은 천마님,bundle_02,27
MONDAY_요리사가 되고 싶은 천마님,bundle_03,27
MONDAY_요리사가 되고 싶은 천마님,bundle_04,28
MONDAY_요리사가 되고 싶은 천마님,bundle_05,29
MONDAY_우아한 욕망,bundle_01,14
MONDAY_우아한 욕망,bundle_02,14
MONDAY_우아한 욕망,bundle_03,17
MONDAY_우아한 욕망,bundle_04,16
MONDAY_우아한 욕망,bundle_05,16
MONDAY_우주천마 3077,bundle_01,30
MONDAY_우주천마 3077,bundle_02,29
MONDAY_우주천마 3077,bundle_03,26
MONDAY_우주천마 3077,bundle_04,29
MONDAY_우주천마 3077,bundle_05,32
MONDAY_원하나,bundle_01,15
MONDAY_원하나,bundle_02,16
MONDAY_원하나,bundle_03,18
MONDAY_원하나,bundle_04,15
MONDAY_원하나,bundle_05,15
MONDAY_잔불의 기사,bundle_01,13
MONDAY_잔불의 기사,bundle_02,15
MONDAY_잔불의 기사,bundle_03,11
MONDAY_잔불의 기사,bundle_04,10
MONDAY_잔불의 기사,bundle_05,10
MONDAY_잘 헤어지는 방법,bundle_01,30
MONDAY_잘 헤어지는 방법,bundle_02,30
MONDAY_잘 헤어지는 방법,bundle_03,28
MONDAY_잘 헤어지는 방법,bundle_04,31
MONDAY_잘 헤어지는 방법,bundle_05,32
MONDAY_절대검감,bundle_01,21
MONDAY_절대검감,bundle_02,21
MONDAY_절대검감,bundle_03,22
MONDAY_절대검감,bundle_04,23
MONDAY_절대검감,bundle_05,21
MONDAY_정신 차려_ 전승연,bundle_01,15
MONDAY_정신 차려_ 전승연,bundle_02,12
MONDAY_정신 차려_ 전승연,bundle_03,14
MONDAY_정신 차려_ 전승연,bundle_04,11
MONDAY_정신 차려_ 전승연,bundle_05,12
MONDAY_좀비묵시록 82-08,bundle_01,31
MONDAY_좀비묵시록 82-08,bundle_02,30
MONDAY_좀비묵시록 82-08,bundle_03,24
MONDAY_좀비묵시록 82-08,bundle_04,28
MONDAY_좀비묵시록 82-08,bundle_05,23
MONDAY_찔레꽃 그늘 아래,bundle_01,24
MONDAY_찔레꽃 그늘 아래,bundle_02,16
MONDAY_찔레꽃 그늘 아래,bundle_03,18
MONDAY_찔레꽃 그늘 아래,bundle_04,19
MONDAY_찔레꽃 그늘 아래,bundle_05,19
MONDAY_참교육,bundle_01,21
MONDAY_참교육,bundle_02,19
MONDAY_참교육,bundle_03,21
MONDAY_참교육,bundle_04,20
MONDAY_참교육,bundle_05,21
MONDAY_컨트롤X,bundle_01,21
MONDAY_컨트롤X,bundle_02,20
MONDAY_컨트롤X,bundle_03,20
MONDAY_컨트롤X,bundle_04,18
MONDAY_컨트롤X,bundle_05,20
MONDAY_토마토가 돼라!,bundle_01,12
MONDAY_토마토가 돼라!,bundle_02,16
MONDAY_토마토가 돼라!,bundle_03,16
MONDAY_토마토가 돼라!,bundle_04,12
MONDAY_토마토가 돼라!,bundle_05,14
MONDAY_폭력의 왕,bundle_01,33
MONDAY_폭력의 왕,bundle_02,34
MONDAY_폭력의 왕,bundle_03,38
MONDAY_폭력의 왕,bundle_04,38
MONDAY_폭력의 왕,bundle_05,31
MONDAY_환생천마,bundle_01,25
MONDAY_환생천마,bundle_02,22
MONDAY_환생천마,bundle_03,23
MONDAY_환생천마,bundle_04,25
MONDAY_환생천마,bundle_05,26
MONDAY_회귀한 공작가의 막내도련님은 암살자,bundle_01,28
MONDAY_회귀한 공작가의 막내도련님은 암살자,bundle_02,26
MONDAY_회귀한 공작가의 막내도련님은 암살자,bundle_03,25
MONDAY_회귀한 공작가의 막내도련님은 암살자,bundle_04,27
MONDAY_회귀한 공작가의 막내도련님은 암살자,bundle_05,24
SATURDAY_99강화나무몽둥이,bundle_01,59
SATURDAY_99강화나무몽둥이,bundle_02,95
SATURDAY_99강화나무몽둥이,bundle_03,105
SATURDAY_99강화나무몽둥이,bundle_04,83
SATURDAY_99강화나무몽둥이,bundle_05,94
SATURDAY_K학원 생존기,bundle_01,10
SATURDAY_K학원 생존기,bundle_02,10
SATURDAY_K학원 생존기,bundle_03,10
SATURDAY_K학원 생존기,bundle_04,10
SATURDAY_K학원 생존기,bundle_05,10
SATURDAY_개꿈,bundle_01,19
SATURDAY_개꿈,bundle_02,14
SATURDAY_개꿈,bundle_03,14
SATURDAY_개꿈,bundle_04,13
SATURDAY_개꿈,bundle_05,12
SATURDAY_공유몽,bundle_01,21
SATURDAY_공유몽,bundle_02,17
SATURDAY_공유몽,bundle_03,26
SATURDAY_공유몽,bundle_04,29
SATURDAY_공유몽,bundle_05,22
SATURDAY_괴물의 순결한 심장,bundle_01,15
SATURDAY_괴물의 순결한 심장,bundle_02,15
SATURDAY_괴물의 순결한 심장,bundle_03,15
SATURDAY_괴물의 순결한 심장,bundle_04,14
SATURDAY_괴물의 순결한 심장,bundle_05,16
SATURDAY_나를 미워하던 남편이 기억을 잃었다,bundle_01,25
SATURDAY_나를 미워하던 남편이 기억을 잃었다,bundle_02,23
SATURDAY_나를 미워하던 남편이 기억을 잃었다,bundle_03,27
SATURDAY_나를 미워하던 남편이 기억을 잃었다,bundle_04,17
SATURDAY_나를 미워하던 남편이 기억을 잃었다,bundle_05,18
SATURDAY_나를 바꿔줘,bundle_01,28
SATURDAY_나를 바꿔줘,bundle_02,29
SATURDAY_나를 바꿔줘,bundle_03,28
SATURDAY_나를 바꿔줘,bundle_04,26
SATURDAY_나를 바꿔줘,bundle_05,30
SATURDAY_나만 최강 초월자,bundle_01,29
SATURDAY_나만 최강 초월자,bundle_02,26
SATURDAY_나만 최강 초월자,bundle_03,27
SATURDAY_나만 최강 초월자,bundle_04,28
SATURDAY_나만 최강 초월자,bundle_05,25
SATURDAY_나이트런,bundle_01,10
SATURDAY_나이트런,bundle_02,10
SATURDAY_나이트런,bundle_03,10
SATURDAY_나이트런,bundle_04,10
SATURDAY_나이트런,bundle_05,10
SATURDAY_남장판 오디션,bundle_01,20
SATURDAY_남장판 오디션,bundle_02,18
SATURDAY_남장판 오디션,bundle_03,17
SATURDAY_남장판 오디션,bundle_04,16
SATURDAY_남장판 오디션,bundle_05,16
SATURDAY_다비_ 아찔하게 흐르는,bundle_01,14
SATURDAY_다비_ 아찔하게 흐르는,bundle_02,15
SATURDAY_다비_ 아찔하게 흐르는,bundle_03,15
SATURDAY_다비_ 아찔하게 흐르는,bundle_04,15
SATURDAY_다비_ 아찔하게 흐르는,bundle_05,17
SATURDAY_데이워커,bundle_01,22
SATURDAY_데이워커,bundle_02,23
SATURDAY_데이워커,bundle_03,27
SATURDAY_데이워커,bundle_04,30
SATURDAY_데이워커,bundle_05,27
SATURDAY_데이팅 캣,bundle_01,22
SATURDAY_데이팅 캣,bundle_02,18
SATURDAY_데이팅 캣,bundle_03,23
SATURDAY_데이팅 캣,bundle_04,24
SATURDAY_데이팅 캣,bundle_05,21
SATURDAY_동그란 그녀와 소심한 그 남자,bundle_01,14
SATURDAY_동그란 그녀와 소심한 그 남자,bundle_02,14
SATURDAY_동그란 그녀와 소심한 그 남자,bundle_03,14
SATURDAY_동그란 그녀와 소심한 그 남자,bundle_04,14
SATURDAY_동그란 그녀와 소심한 그 남자,bundle_05,14
SATURDAY_디펜스 게임의 폭군이 되었다,bundle_01,25
SATURDAY_디펜스 게임의 폭군이 되었다,bundle_02,26
SATURDAY_디펜스 게임의 폭군이 되었다,bundle_03,27
SATURDAY_디펜스 게임의 폭군이 되었다,bundle_04,28
SATURDAY_디펜스 게임의 폭군이 되었다,bundle_05,20
SATURDAY_마도전생기,bundle_01,29
SATURDAY_마도전생기,bundle_02,33
SATURDAY_마도전생기,bundle_03,32
SATURDAY_마도전생기,bundle_04,31
SATURDAY_마도전생기,bundle_05,33
SATURDAY_마왕,bundle_01,21
SATURDAY_마왕,bundle_02,22
SATURDAY_마왕,bundle_03,21
SATURDAY_마왕,bundle_04,19
SATURDAY_마왕,bundle_05,19
SATURDAY_망나니 소교주로 환생했다,bundle_01,17
SATURDAY_망나니 소교주로 환생했다,bundle_02,23
SATURDAY_망나니 소교주로 환생했다,bundle_03,22
SATURDAY_망나니 소교주로 환생했다,bundle_04,36
SATURDAY_망나니 소교주로 환생했다,bundle_05,37
SATURDAY_멸망한 가문의 회귀자,bundle_01,26
SATURDAY_멸망한 가문의 회귀자,bundle_02,28
SATURDAY_멸망한 가문의 회귀자,bundle_03,25
SATURDAY_멸망한 가문의 회귀자,bundle_04,34
SATURDAY_멸망한 가문의 회귀자,bundle_05,37
SATURDAY_멸망한 세계의 취사병,bundle_01,20
SATURDAY_멸망한 세계의 취사병,bundle_02,17
SATURDAY_멸망한 세계의 취사병,bundle_03,17
SATURDAY_멸망한 세계의 취사병,bundle_04,18
SATURDAY_멸망한 세계의 취사병,bundle_05,18
SATURDAY_비질란테 2부,bundle_01,14
SATURDAY_비질란테 2부,bundle_02,14
SATURDAY_비질란테 2부,bundle_03,21
SATURDAY_비질란테 2부,bundle_04,24
SATURDAY_비질란테 2부,bundle_05,23
SATURDAY_사서고생!,bundle_01,17
SATURDAY_사서고생!,bundle_02,21
SATURDAY_사서고생!,bundle_03,19
SATURDAY_사서고생!,bundle_04,18
SATURDAY_사서고생!,bundle_05,19
SATURDAY_세레나,bundle_01,18
SATURDAY_세레나,bundle_02,19
SATURDAY_세레나,bundle_03,22
SATURDAY_세레나,bundle_04,19
SATURDAY_세레나,bundle_05,18
SATURDAY_스터디그룹,bundle_01,18
SATURDAY_스터디그룹,bundle_02,19
SATURDAY_스터디그룹,bundle_03,20
SATURDAY_스터디그룹,bundle_04,26
SATURDAY_스터디그룹,bundle_05,29
SATURDAY_시든 꽃에 눈물을,bundle_01,25
SATURDAY_시든 꽃에 눈물을,bundle_02,27
SATURDAY_시든 꽃에 눈물을,bundle_03,24
SATURDAY_시든 꽃에 눈물을,bundle_04,20
SATURDAY_시든 꽃에 눈물을,bundle_05,25
SATURDAY_신이 되겠다,bundle_01,28
SATURDAY_신이 되겠다,bundle_02,25
SATURDAY_신이 되겠다,bundle_03,24
SATURDAY_신이 되겠다,bundle_04,23
SATURDAY_신이 되겠다,bundle_05,21
SATURDAY_쌉초의 난,bundle_01,10
SATURDAY_쌉초의 난,bundle_02,10
SATURDAY_쌉초의 난,bundle_03,10
SATURDAY_쌉초의 난,bundle_04,10
SATURDAY_쌉초의 난,bundle_05,10
SATURDAY_아홉수 우리들,bundle_01,10
SATURDAY_아홉수 우리들,bundle_02,14
SATURDAY_아홉수 우리들,bundle_03,17
SATURDAY_아홉수 우리들,bundle_04,17
SATURDAY_아홉수 우리들,bundle_05,17
SATURDAY_야매 힐러로 사는 법,bundle_01,15
SATURDAY_야매 힐러로 사는 법,bundle_02,20
SATURDAY_야매 힐러로 사는 법,bundle_03,22
SATURDAY_야매 힐러로 사는 법,bundle_04,22
SATURDAY_야매 힐러로 사는 법,bundle_05,20
SATURDAY_어글리후드,bundle_01,15
SATURDAY_어글리후드,bundle_02,18
SATURDAY_어글리후드,bundle_03,19
SATURDAY_어글리후드,bundle_04,17
SATURDAY_어글리후드,bundle_05,16
SATURDAY_오늘만 사는 기사,bundle_01,42
SATURDAY_오늘만 사는 기사,bundle_02,40
SATURDAY_오늘만 사는 기사,bundle_03,38
SATURDAY_오늘만 사는 기사,bundle_04,20
SATURDAY_오늘만 사는 기사,bundle_05,22
SATURDAY_완벽한 계약,bundle_01,12
SATURDAY_완벽한 계약,bundle_02,14
SATURDAY_완벽한 계약,bundle_03,17
SATURDAY_완벽한 계약,bundle_04,16
SATURDAY_완벽한 계약,bundle_05,14
SATURDAY_왕의 힘으로 회귀한다,bundle_01,28
SATURDAY_왕의 힘으로 회귀한다,bundle_02,29
SATURDAY_왕의 힘으로 회귀한다,bundle_03,30
SATURDAY_왕의 힘으로 회귀한다,bundle_04,25
SATURDAY_왕의 힘으로 회귀한다,bundle_05,28
SATURDAY_용사참수인,bundle_01,21
SATURDAY_용사참수인,bundle_02,23
SATURDAY_용사참수인,bundle_03,21
SATURDAY_용사참수인,bundle_04,18
SATURDAY_용사참수인,bundle_05,18
SATURDAY_위험한 거짓말,bundle_01,13
SATURDAY_위험한 거짓말,bundle_02,15
SATURDAY_위험한 거짓말,bundle_03,15
SATURDAY_위험한 거짓말,bundle_04,15
SATURDAY_위험한 거짓말,bundle_05,14
SATURDAY_육각,bundle_01,21
SATURDAY_육각,bundle_02,22
SATURDAY_육각,bundle_03,26
SATURDAY_육각,bundle_04,21
SATURDAY_육각,bundle_05,21
SATURDAY_이계진입 리로디드,bundle_01,14
SATURDAY_이계진입 리로디드,bundle_02,15
SATURDAY_이계진입 리로디드,bundle_03,15
SATURDAY_이계진입 리로디드,bundle_04,15
SATURDAY_이계진입 리로디드,bundle_05,17
SATURDAY_이매망량,bundle_01,10
SATURDAY_이매망량,bundle_02,10
SATURDAY_이매망량,bundle_03,10
SATURDAY_이매망량,bundle_04,10
SATURDAY_이매망량,bundle_05,10
SATURDAY_작전명 순정,bundle_01,23
SATURDAY_작전명 순정,bundle_02,27
SATURDAY_작전명 순정,bundle_03,19
SATURDAY_작전명 순정,bundle_04,22
SATURDAY_작전명 순정,bundle_05,23
SATURDAY_저무는 해_ 시린 눈,bundle_01,11
SATURDAY_저무는 해_ 시린 눈,bundle_02,12
SATURDAY_저무는 해_ 시린 눈,bundle_03,12
SATURDAY_저무는 해_ 시린 눈,bundle_04,11
SATURDAY_저무는 해_ 시린 눈,bundle_05,17
SATURDAY_절대군림,bundle_01,23
SATURDAY_절대군림,bundle_02,24
SATURDAY_절대군림,bundle_03,24
SATURDAY_절대군림,bundle_04,26
SATURDAY_절대군림,bundle_05,24
SATURDAY_조조코믹스,bundle_01,10
SATURDAY_조조코믹스,bundle_02,10
SATURDAY_조조코믹스,bundle_03,10
SATURDAY_조조코믹스,bundle_04,10
SATURDAY_조조코믹스,bundle_05,10
SATURDAY_초인의 시대,bundle_01,11
SATURDAY_초인의 시대,bundle_02,15
SATURDAY_초인의 시대,bundle_03,16
SATURDAY_초인의 시대,bundle_04,33
SATURDAY_초인의 시대,bundle_05,33
SATURDAY_킬러 배드로,bundle_01,44
SATURDAY_킬러 배드로,bundle_02,40
SATURDAY_킬러 배드로,bundle_03,36
SATURDAY_킬러 배드로,bundle_04,41
SATURDAY_킬러 배드로,bundle_05,42
SATURDAY_킬러경찰,bundle_01,18
SATURDAY_킬러경찰,bundle_02,21
SATURDAY_킬러경찰,bundle_03,22
SATURDAY_킬러경찰,bundle_04,20
SATURDAY_킬러경찰,bundle_05,21
SATURDAY_탑아이돌의 막내 멤버가 되었다,bundle_01,18
SATURDAY_탑아이돌의 막내 멤버가 되었다,bundle_02,19
SATURDAY_탑아이돌의 막내 멤버가 되었다,bundle_03,19
SATURDAY_탑아이돌의 막내 멤버가 되었다,bundle_04,22
SATURDAY_탑아이돌의 막내 멤버가 되었다,bundle_05,22
SATURDAY_토끼 여주의 새엄마가 되었다,bundle_01,10
SATURDAY_토끼 여주의 새엄마가 되었다,bundle_02,10
SATURDAY_토끼 여주의 새엄마가 되었다,bundle_03,10
SATURDAY_토끼 여주의 새엄마가 되었다,bundle_04,10
SATURDAY_토끼 여주의 새엄마가 되었다,bundle_05,11
SATURDAY_특성 쌓는 김전사,bundle_01,27
SATURDAY_특성 쌓는 김전사,bundle_02,37
SATURDAY_특성 쌓는 김전사,bundle_03,31
SATURDAY_특성 쌓는 김전사,bundle_04,29
SATURDAY_특성 쌓는 김전사,bundle_05,30
SATURDAY_플레이어가 과거를 숨김,bundle_01,34
SATURDAY_플레이어가 과거를 숨김,bundle_02,33
SATURDAY_플레이어가 과거를 숨김,bundle_03,35
SATURDAY_플레이어가 과거를 숨김,bundle_04,25
SATURDAY_플레이어가 과거를 숨김,bundle_05,31
SATURDAY_한판,bundle_01,13
SATURDAY_한판,bundle_02,11
SATURDAY_한판,bundle_03,20
SATURDAY_한판,bundle_04,20
SATURDAY_한판,bundle_05,21
SATURDAY_호랑이형님,bundle_01,17
SATURDAY_호랑이형님,bundle_02,14
SATURDAY_호랑이형님,bundle_03,17
SATURDAY_호랑이형님,bundle_04,30
SATURDAY_호랑이형님,bundle_05,24
SATURDAY_홍시는 날 좋아해!,bundle_01,10
SATURDAY_홍시는 날 좋아해!,bundle_02,10
SATURDAY_홍시는 날 좋아해!,bundle_03,10
SATURDAY_홍시는 날 좋아해!,bundle_04,10
SATURDAY_홍시는 날 좋아해!,bundle_05,10
SATURDAY_황제의 검,bundle_01,21
SATURDAY_황제의 검,bundle_02,24
SATURDAY_황제의 검,bundle_03,28
SATURDAY_황제의 검,bundle_04,29
SATURDAY_황제의 검,bundle_05,27
SATURDAY_회귀자의 은퇴 라이프,bundle_01,23
SATURDAY_회귀자의 은퇴 라이프,bundle_02,20
SATURDAY_회귀자의 은퇴 라이프,bundle_03,21
SATURDAY_회귀자의 은퇴 라이프,bundle_04,21
SATURDAY_회귀자의 은퇴 라이프,bundle_05,20
SUNDAY_건객,bundle_01,29
SUNDAY_건객,bundle_02,21
SUNDAY_건객,bundle_03,22
SUNDAY_건객,bundle_04,21
SUNDAY_건객,bundle_05,18
SUNDAY_검은 사슬,bundle_01,18
SUNDAY_검은 사슬,bundle_02,18
SUNDAY_검은 사슬,bundle_03,18
SUNDAY_검은 사슬,bundle_04,19
SUNDAY_검은 사슬,bundle_05,21
SUNDAY_경자 전성시대,bundle_01,12
SUNDAY_경자 전성시대,bundle_02,11
SUNDAY_경자 전성시대,bundle_03,12
SUNDAY_경자 전성시대,bundle_04,10
SUNDAY_경자 전성시대,bundle_05,10
SUNDAY_고수_ 후궁으로 깨어나다,bundle_01,27
SUNDAY_고수_ 후궁으로 깨어나다,bundle_02,21
SUNDAY_고수_ 후궁으로 깨어나다,bundle_03,21
SUNDAY_고수_ 후궁으로 깨어나다,bundle_04,21
SUNDAY_고수_ 후궁으로 깨어나다,bundle_05,21
SUNDAY_그 머리 긴 선배_ 이름이 뭐더라_,bundle_01,21
SUNDAY_그 머리 긴 선배_ 이름이 뭐더라_,bundle_02,15
SUNDAY_그 머리 긴 선배_ 이름이 뭐더라_,bundle_03,16
SUNDAY_그 머리 긴 선배_ 이름이 뭐더라_,bundle_04,14
SUNDAY_그 머리 긴 선배_ 이름이 뭐더라_,bundle_05,15
SUNDAY_그레이마크,bundle_01,30
SUNDAY_그레이마크,bundle_02,25
SUNDAY_그레이마크,bundle_03,21
SUNDAY_그레이마크,bundle_04,28
SUNDAY_그레이마크,bundle_05,24
SUNDAY_기기괴괴2,bundle_01,14
SUNDAY_기기괴괴2,bundle_02,16
SUNDAY_기기괴괴2,bundle_03,16
SUNDAY_기기괴괴2,bundle_04,16
SUNDAY_기기괴괴2,bundle_05,14
SUNDAY_나 혼자 특성빨로 무한 성장,bundle_01,25
SUNDAY_나 혼자 특성빨로 무한 성장,bundle_02,31
SUNDAY_나 혼자 특성빨로 무한 성장,bundle_03,35
SUNDAY_나 혼자 특성빨로 무한 성장,bundle_04,34
SUNDAY_나 혼자 특성빨로 무한 성장,bundle_05,35
SUNDAY_나는 참지 못한다,bundle_01,13
SUNDAY_나는 참지 못한다,bundle_02,10
SUNDAY_나는 참지 못한다,bundle_03,11
SUNDAY_나는 참지 못한다,bundle_04,12
SUNDAY_나는 참지 못한다,bundle_05,10
SUNDAY_데빌샷,bundle_01,12
SUNDAY_데빌샷,bundle_02,15
SUNDAY_데빌샷,bundle_03,15
SUNDAY_데빌샷,bundle_04,15
SUNDAY_데빌샷,bundle_05,17
SUNDAY_마피아 내니,bundle_01,20
SUNDAY_마피아 내니,bundle_02,21
SUNDAY_마피아 내니,bundle_03,15
SUNDAY_마피아 내니,bundle_04,10
SUNDAY_마피아 내니,bundle_05,11
SUNDAY_무직백수 계백순,bundle_01,12
SUNDAY_무직백수 계백순,bundle_02,14
SUNDAY_무직백수 계백순,bundle_03,15
SUNDAY_무직백수 계백순,bundle_04,14
SUNDAY_무직백수 계백순,bundle_05,12
SUNDAY_무진,bundle_01,44
SUNDAY_무진,bundle_02,25
SUNDAY_무진,bundle_03,31
SUNDAY_무진,bundle_04,29
SUNDAY_무진,bundle_05,33
SUNDAY_밤필드의 아이들 by DARK MOON,bundle_01,14
SUNDAY_밤필드의 아이들 by DARK MOON,bundle_02,12
SUNDAY_밤필드의 아이들 by DARK MOON,bundle_03,19
SUNDAY_밤필드의 아이들 by DARK MOON,bundle_04,13
SUNDAY_밤필드의 아이들 by DARK MOON,bundle_05,16
SUNDAY_방치형 용사 키우기,bundle_01,10
SUNDAY_방치형 용사 키우기,bundle_02,10
SUNDAY_방치형 용사 키우기,bundle_03,10
SUNDAY_방치형 용사 키우기,bundle_04,10
SUNDAY_방치형 용사 키우기,bundle_05,10
SUNDAY_배달왕,bundle_01,10
SUNDAY_배달왕,bundle_02,10
SUNDAY_배달왕,bundle_03,10
SUNDAY_배달왕,bundle_04,10
SUNDAY_배달왕,bundle_05,10
SUNDAY_분신으로 자동사냥,bundle_01,20
SUNDAY_분신으로 자동사냥,bundle_02,26
SUNDAY_분신으로 자동사냥,bundle_03,23
SUNDAY_분신으로 자동사냥,bundle_04,22
SUNDAY_분신으로 자동사냥,bundle_05,23
SUNDAY_불완전 신데렐라물,bundle_01,13
SUNDAY_불완전 신데렐라물,bundle_02,13
SUNDAY_불완전 신데렐라물,bundle_03,13
SUNDAY_불완전 신데렐라물,bundle_04,12
SUNDAY_불완전 신데렐라물,bundle_05,10
SUNDAY_사부님들이 구독 중,bundle_01,43
SUNDAY_사부님들이 구독 중,bundle_02,32
SUNDAY_사부님들이 구독 중,bundle_03,21
SUNDAY_사부님들이 구독 중,bundle_04,23
SUNDAY_사부님들이 구독 중,bundle_05,25
SUNDAY_상사불상사,bundle_01,16
SUNDAY_상사불상사,bundle_02,16
SUNDAY_상사불상사,bundle_03,21
SUNDAY_상사불상사,bundle_04,24
SUNDAY_상사불상사,bundle_05,14
SUNDAY_소년교도소,bundle_01,47
SUNDAY_소년교도소,bundle_02,33
SUNDAY_소년교도소,bundle_03,39
SUNDAY_소년교도소,bundle_04,34
SUNDAY_소년교도소,bundle_05,43
SUNDAY_수희0(tngmlek0),bundle_01,18
SUNDAY_수희0(tngmlek0),bundle_02,15
SUNDAY_수희0(tngmlek0),bundle_03,14
SUNDAY_수희0(tngmlek0),bundle_04,14
SUNDAY_수희0(tngmlek0),bundle_05,12
SUNDAY_아임 파인 땡큐_ 앤유_,bundle_01,38
SUNDAY_아임 파인 땡큐_ 앤유_,bundle_02,22
SUNDAY_아임 파인 땡큐_ 앤유_,bundle_03,21
SUNDAY_아임 파인 땡큐_ 앤유_,bundle_04,25
SUNDAY_아임 파인 땡큐_ 앤유_,bundle_05,23
SUNDAY_아카데미에 위장취업당했다,bundle_01,21
SUNDAY_아카데미에 위장취업당했다,bundle_02,20
SUNDAY_아카데미에 위장취업당했다,bundle_03,20
SUNDAY_아카데미에 위장취업당했다,bundle_04,23
SUNDAY_아카데미에 위장취업당했다,bundle_05,22
SUNDAY_아카데미의 천재칼잡이,bundle_01,24
SUNDAY_아카데미의 천재칼잡이,bundle_02,24
SUNDAY_아카데미의 천재칼잡이,bundle_03,24
SUNDAY_아카데미의 천재칼잡이,bundle_04,22
SUNDAY_아카데미의 천재칼잡이,bundle_05,26
SUNDAY_약빨이 신선함,bundle_01,24
SUNDAY_약빨이 신선함,bundle_02,22
SUNDAY_약빨이 신선함,bundle_03,20
SUNDAY_약빨이 신선함,bundle_04,21
SUNDAY_약빨이 신선함,bundle_05,20
SUNDAY_연애일기,bundle_01,10
SUNDAY_연애일기,bundle_02,10
SUNDAY_연애일기,bundle_03,10
SUNDAY_연애일기,bundle_04,10
SUNDAY_연애일기,bundle_05,10
SUNDAY_용사보다 너무 강해서 힘을 숨김,bundle_01,23
SUNDAY_용사보다 너무 강해서 힘을 숨김,bundle_02,28
SUNDAY_용사보다 너무 강해서 힘을 숨김,bundle_03,24
SUNDAY_용사보다 너무 강해서 힘을 숨김,bundle_04,23
SUNDAY_용사보다 너무 강해서 힘을 숨김,bundle_05,25
SUNDAY_위닝샷!,bundle_01,24
SUNDAY_위닝샷!,bundle_02,26
SUNDAY_위닝샷!,bundle_03,28
SUNDAY_위닝샷!,bundle_04,27
SUNDAY_위닝샷!,bundle_05,23
SUNDAY_육아일기,bundle_01,10
SUNDAY_육아일기,bundle_02,10
SUNDAY_육아일기,bundle_03,10
SUNDAY_육아일기,bundle_04,10
SUNDAY_육아일기,bundle_05,10
SUNDAY_이웃집 연하,bundle_01,17
SUNDAY_이웃집 연하,bundle_02,15
SUNDAY_이웃집 연하,bundle_03,15
SUNDAY_이웃집 연하,bundle_04,14
SUNDAY_이웃집 연하,bundle_05,15
SUNDAY_일타강사 백사부,bundle_01,19
SUNDAY_일타강사 백사부,bundle_02,19
SUNDAY_일타강사 백사부,bundle_03,23
SUNDAY_일타강사 백사부,bundle_04,20
SUNDAY_일타강사 백사부,bundle_05,24
SUNDAY_입학용병,bundle_01,22
SUNDAY_입학용병,bundle_02,21
SUNDAY_입학용병,bundle_03,21
SUNDAY_입학용병,bundle_04,21
SUNDAY_입학용병,bundle_05,22
SUNDAY_장풍전,bundle_01,12
SUNDAY_장풍전,bundle_02,12
SUNDAY_장풍전,bundle_03,11
SUNDAY_장풍전,bundle_04,11
SUNDAY_장풍전,bundle_05,12
SUNDAY_재벌의 품격,bundle_01,22
SUNDAY_재벌의 품격,bundle_02,20
SUNDAY_재벌의 품격,bundle_03,23
SUNDAY_재벌의 품격,bundle_04,17
SUNDAY_재벌의 품격,bundle_05,16
SUNDAY_재영과 재영 사이,bundle_01,15
SUNDAY_재영과 재영 사이,bundle_02,12
SUNDAY_재영과 재영 사이,bundle_03,15
SUNDAY_재영과 재영 사이,bundle_04,14
SUNDAY_재영과 재영 사이,bundle_05,18
SUNDAY_죽거나 혹은 사랑에 빠지거나,bundle_01,31
SUNDAY_죽거나 혹은 사랑에 빠지거나,bundle_02,22
SUNDAY_죽거나 혹은 사랑에 빠지거나,bundle_03,25
SUNDAY_죽거나 혹은 사랑에 빠지거나,bundle_04,22
SUNDAY_죽거나 혹은 사랑에 빠지거나,bundle_05,21
SUNDAY_죽음을 희망합니다,bundle_01,19
SUNDAY_죽음을 희망합니다,bundle_02,20
SUNDAY_죽음을 희망합니다,bundle_03,19
SUNDAY_죽음을 희망합니다,bundle_04,20
SUNDAY_죽음을 희망합니다,bundle_05,22
SUNDAY_천재 무림 트레이너,bundle_01,22
SUNDAY_천재 무림 트레이너,bundle_02,22
SUNDAY_천재 무림 트레이너,bundle_03,23
SUNDAY_천재 무림 트레이너,bundle_04,24
SUNDAY_천재 무림 트레이너,bundle_05,26
SUNDAY_천화서고 대공자,bundle_01,21
SUNDAY_천화서고 대공자,bundle_02,22
SUNDAY_천화서고 대공자,bundle_03,20
SUNDAY_천화서고 대공자,bundle_04,23
SUNDAY_천화서고 대공자,bundle_05,26
SUNDAY_청춘계시록,bundle_01,13
SUNDAY_청춘계시록,bundle_02,12
SUNDAY_청춘계시록,bundle_03,14
SUNDAY_청춘계시록,bundle_04,14
SUNDAY_청춘계시록,bundle_05,17
SUNDAY_최후의 모험가,bundle_01,20
SUNDAY_최후의 모험가,bundle_02,19
SUNDAY_최후의 모험가,bundle_03,17
SUNDAY_최후의 모험가,bundle_04,12
SUNDAY_최후의 모험가,bundle_05,19
SUNDAY_키스는 자기 전에,bundle_01,24
SUNDAY_키스는 자기 전에,bundle_02,21
SUNDAY_키스는 자기 전에,bundle_03,22
SUNDAY_키스는 자기 전에,bundle_04,23
SUNDAY_키스는 자기 전에,bundle_05,21
SUNDAY_킬링킬러,bundle_01,21
SUNDAY_킬링킬러,bundle_02,24
SUNDAY_킬링킬러,bundle_03,17
SUNDAY_킬링킬러,bundle_04,20
SUNDAY_킬링킬러,bundle_05,18
SUNDAY_허리케인 공주님,bundle_01,11
SUNDAY_허리케인 공주님,bundle_02,11
SUNDAY_허리케인 공주님,bundle_03,10
SUNDAY_허리케인 공주님,bundle_04,10
SUNDAY_허리케인 공주님,bundle_05,10
SUNDAY_헬스던전,bundle_01,21
SUNDAY_헬스던전,bundle_02,23
SUNDAY_헬스던전,bundle_03,21
SUNDAY_헬스던전,bundle_04,21
SUNDAY_헬스던전,bundle_05,23
SUNDAY_환생좌,bundle_01,21
SUNDAY_환생좌,bundle_02,21
SUNDAY_환생좌,bundle_03,31
SUNDAY_환생좌,bundle_04,33
SUNDAY_환생좌,bundle_05,28
THURSDAY_24시간 미남,bundle_01,14
THURSDAY_24시간 미남,bundle_02,12
THURSDAY_24시간 미남,bundle_03,15
THURSDAY_24시간 미남,bundle_04,12
THURSDAY_24시간 미남,bundle_05,12
THURSDAY_2차전직 스킵용사,bundle_01,21
THURSDAY_2차전직 스킵용사,bundle_02,17
THURSDAY_2차전직 스킵용사,bundle_03,16
THURSDAY_2차전직 스킵용사,bundle_04,16
THURSDAY_2차전직 스킵용사,bundle_05,19
THURSDAY_가족같은 XX,bundle_01,18
THURSDAY_가족같은 XX,bundle_02,22
THURSDAY_가족같은 XX,bundle_03,13
THURSDAY_가족같은 XX,bundle_04,16
THURSDAY_가족같은 XX,bundle_05,15
THURSDAY_검은 늑대가 나를 부르면,bundle_01,27
THURSDAY_검은 늑대가 나를 부르면,bundle_02,28
THURSDAY_검은 늑대가 나를 부르면,bundle_03,20
THURSDAY_검은 늑대가 나를 부르면,bundle_04,24
THURSDAY_검은 늑대가 나를 부르면,bundle_05,25
THURSDAY_게임 속 바바리안으로 살아남기,bundle_01,37
THURSDAY_게임 속 바바리안으로 살아남기,bundle_02,32
THURSDAY_게임 속 바바리안으로 살아남기,bundle_03,31
THURSDAY_게임 속 바바리안으로 살아남기,bundle_04,34
THURSDAY_게임 속 바바리안으로 살아남기,bundle_05,32
THURSDAY_게임 최강 트롤러,bundle_01,23
THURSDAY_게임 최강 트롤러,bundle_02,30
THURSDAY_게임 최강 트롤러,bundle_03,30
THURSDAY_게임 최강 트롤러,bundle_04,29
THURSDAY_게임 최강 트롤러,bundle_05,28
THURSDAY_규격 외 혈통 천재,bundle_01,21
THURSDAY_규격 외 혈통 천재,bundle_02,20
THURSDAY_규격 외 혈통 천재,bundle_03,19
THURSDAY_규격 외 혈통 천재,bundle_04,24
THURSDAY_규격 외 혈통 천재,bundle_05,22
THURSDAY_나 혼자 네크로맨서,bundle_01,23
THURSDAY_나 혼자 네크로맨서,bundle_02,25
THURSDAY_나 혼자 네크로맨서,bundle_03,26
THURSDAY_나 혼자 네크로맨서,bundle_04,25
THURSDAY_나 혼자 네크로맨서,bundle_05,25
THURSDAY_나노마신,bundle_01,15
THURSDAY_나노마신,bundle_02,22
THURSDAY_나노마신,bundle_03,16
THURSDAY_나노마신,bundle_04,19
THURSDAY_나노마신,bundle_05,17
THURSDAY_내 여자친구는 이세계 용사_!,bundle_01,13
THURSDAY_내 여자친구는 이세계 용사_!,bundle_02,12
THURSDAY_내 여자친구는 이세계 용사_!,bundle_03,13
THURSDAY_내 여자친구는 이세계 용사_!,bundle_04,10
THURSDAY_내 여자친구는 이세계 용사_!,bundle_05,10
THURSDAY_내가 키운 미친개에게 감금당했다,bundle_01,22
THURSDAY_내가 키운 미친개에게 감금당했다,bundle_02,19
THURSDAY_내가 키운 미친개에게 감금당했다,bundle_03,21
THURSDAY_내가 키운 미친개에게 감금당했다,bundle_04,20
THURSDAY_내가 키운 미친개에게 감금당했다,bundle_05,21
THURSDAY_내향남녀,bundle_01,13
THURSDAY_내향남녀,bundle_02,12
THURSDAY_내향남녀,bundle_03,12
THURSDAY_내향남녀,bundle_04,12
THURSDAY_내향남녀,bundle_05,10
THURSDAY_누가 어른 되면 다 된댔어_,bundle_01,12
THURSDAY_누가 어른 되면 다 된댔어_,bundle_02,11
THURSDAY_누가 어른 되면 다 된댔어_,bundle_03,11
THURSDAY_누가 어른 되면 다 된댔어_,bundle_04,11
THURSDAY_누가 어른 되면 다 된댔어_,bundle_05,15
THURSDAY_마리오네타,bundle_01,10
THURSDAY_마리오네타,bundle_02,10
THURSDAY_마리오네타,bundle_03,10
THURSDAY_마리오네타,bundle_04,10
THURSDAY_마리오네타,bundle_05,10
THURSDAY_마왕까지 한 걸음,bundle_01,14
THURSDAY_마왕까지 한 걸음,bundle_02,15
THURSDAY_마왕까지 한 걸음,bundle_03,16
THURSDAY_마왕까지 한 걸음,bundle_04,20
THURSDAY_마왕까지 한 걸음,bundle_05,16
THURSDAY_만물의 영장,bundle_01,15
THURSDAY_만물의 영장,bundle_02,12
THURSDAY_만물의 영장,bundle_03,18
THURSDAY_만물의 영장,bundle_04,24
THURSDAY_만물의 영장,bundle_05,22
THURSDAY_무사만리행,bundle_01,13
THURSDAY_무사만리행,bundle_02,12
THURSDAY_무사만리행,bundle_03,12
THURSDAY_무사만리행,bundle_04,12
THURSDAY_무사만리행,bundle_05,15
THURSDAY_배달왕,bundle_01,10
THURSDAY_배달왕,bundle_02,10
THURSDAY_배달왕,bundle_03,10
THURSDAY_배달왕,bundle_04,10
THURSDAY_배달왕,bundle_05,10
THURSDAY_백투더찬비,bundle_01,19
THURSDAY_백투더찬비,bundle_02,15
THURSDAY_백투더찬비,bundle_03,19
THURSDAY_백투더찬비,bundle_04,16
THURSDAY_백투더찬비,bundle_05,16
THURSDAY_버려진 나의 최애를 위하여,bundle_01,16
THURSDAY_버려진 나의 최애를 위하여,bundle_02,17
THURSDAY_버려진 나의 최애를 위하여,bundle_03,18
THURSDAY_버려진 나의 최애를 위하여,bundle_04,16
THURSDAY_버려진 나의 최애를 위하여,bundle_05,17
THURSDAY_보스였음,bundle_01,40
THURSDAY_보스였음,bundle_02,35
THURSDAY_보스였음,bundle_03,35
THURSDAY_보스였음,bundle_04,38
THURSDAY_보스였음,bundle_05,52
THURSDAY_사내연애 사절!,bundle_01,24
THURSDAY_사내연애 사절!,bundle_02,27
THURSDAY_사내연애 사절!,bundle_03,22
THURSDAY_사내연애 사절!,bundle_04,21
THURSDAY_사내연애 사절!,bundle_05,19
THURSDAY_삼이는 재생한다,bundle_01,15
THURSDAY_삼이는 재생한다,bundle_02,13
THURSDAY_삼이는 재생한다,bundle_03,14
THURSDAY_삼이는 재생한다,bundle_04,13
THURSDAY_삼이는 재생한다,bundle_05,14
THURSDAY_소소한 기행,bundle_01,10
THURSDAY_소소한 기행,bundle_02,10
THURSDAY_소소한 기행,bundle_03,10
THURSDAY_소소한 기행,bundle_04,10
THURSDAY_소소한 기행,bundle_05,10
THURSDAY_소심한 호랭이 코코,bundle_01,10
THURSDAY_소심한 호랭이 코코,bundle_02,10
THURSDAY_소심한 호랭이 코코,bundle_03,10
THURSDAY_소심한 호랭이 코코,bundle_04,12
THURSDAY_소심한 호랭이 코코,bundle_05,12
THURSDAY_수사9단0,bundle_01,28
THURSDAY_수사9단0,bundle_02,19
THURSDAY_수사9단0,bundle_03,17
THURSDAY_수사9단0,bundle_04,18
THURSDAY_수사9단0,bundle_05,18
THURSDAY_시한부 천재 암흑기사,bundle_01,27
THURSDAY_시한부 천재 암흑기사,bundle_02,18
THURSDAY_시한부 천재 암흑기사,bundle_03,19
THURSDAY_시한부 천재 암흑기사,bundle_04,24
THURSDAY_시한부 천재 암흑기사,bundle_05,22
THURSDAY_어느날 교주가 된다면,bundle_01,52
THURSDAY_어느날 교주가 된다면,bundle_02,24
THURSDAY_어느날 교주가 된다면,bundle_03,24
THURSDAY_어느날 교주가 된다면,bundle_04,23
THURSDAY_어느날 교주가 된다면,bundle_05,22
THURSDAY_엄청 소환된 건에 대하여,bundle_01,13
THURSDAY_엄청 소환된 건에 대하여,bundle_02,12
THURSDAY_엄청 소환된 건에 대하여,bundle_03,12
THURSDAY_엄청 소환된 건에 대하여,bundle_04,10
THURSDAY_엄청 소환된 건에 대하여,bundle_05,10
THURSDAY_오빠세끼,bundle_01,11
THURSDAY_오빠세끼,bundle_02,24
THURSDAY_오빠세끼,bundle_03,22
THURSDAY_오빠세끼,bundle_04,23
THURSDAY_오빠세끼,bundle_05,18
THURSDAY_유월의 소한,bundle_01,10
THURSDAY_유월의 소한,bundle_02,10
THURSDAY_유월의 소한,bundle_03,10
THURSDAY_유월의 소한,bundle_04,10
THURSDAY_유월의 소한,bundle_05,10
THURSDAY_육아일기,bundle_01,10
THURSDAY_육아일기,bundle_02,10
THURSDAY_육아일기,bundle_03,10
THURSDAY_육아일기,bundle_04,10
THURSDAY_육아일기,bundle_05,10
THURSDAY_이게 웬 떡,bundle_01,13
THURSDAY_이게 웬 떡,bundle_02,14
THURSDAY_이게 웬 떡,bundle_03,13
THURSDAY_이게 웬 떡,bundle_04,17
THURSDAY_이게 웬 떡,bundle_05,11
THURSDAY_이세계 캠핑으로 힐링 라이프,bundle_01,23
THURSDAY_이세계 캠핑으로 힐링 라이프,bundle_02,20
THURSDAY_이세계 캠핑으로 힐링 라이프,bundle_03,19
THURSDAY_이세계 캠핑으로 힐링 라이프,bundle_04,19
THURSDAY_이세계 캠핑으로 힐링 라이프,bundle_05,19
THURSDAY_일립예고 학생들,bundle_01,15
THURSDAY_일립예고 학생들,bundle_02,17
THURSDAY_일립예고 학생들,bundle_03,17
THURSDAY_일립예고 학생들,bundle_04,14
THURSDAY_일립예고 학생들,bundle_05,16
THURSDAY_작두,bundle_01,23
THURSDAY_작두,bundle_02,22
THURSDAY_작두,bundle_03,25
THURSDAY_작두,bundle_04,22
THURSDAY_작두,bundle_05,22
THURSDAY_재벌집 막내아들,bundle_01,22
THURSDAY_재벌집 막내아들,bundle_02,19
THURSDAY_재벌집 막내아들,bundle_03,19
THURSDAY_재벌집 막내아들,bundle_04,22
THURSDAY_재벌집 막내아들,bundle_05,26
THURSDAY_정글쥬스,bundle_01,21
THURSDAY_정글쥬스,bundle_02,35
THURSDAY_정글쥬스,bundle_03,30
THURSDAY_정글쥬스,bundle_04,30
THURSDAY_정글쥬스,bundle_05,33
THURSDAY_책상 낙서 티티,bundle_01,13
THURSDAY_책상 낙서 티티,bundle_02,18
THURSDAY_책상 낙서 티티,bundle_03,12
THURSDAY_책상 낙서 티티,bundle_04,13
THURSDAY_책상 낙서 티티,bundle_05,13
THURSDAY_천마님 안마하신다,bundle_01,16
THURSDAY_천마님 안마하신다,bundle_02,15
THURSDAY_천마님 안마하신다,bundle_03,15
THURSDAY_천마님 안마하신다,bundle_04,16
THURSDAY_천마님 안마하신다,bundle_05,16
THURSDAY_천마육성,bundle_01,39
THURSDAY_천마육성,bundle_02,43
THURSDAY_천마육성,bundle_03,42
THURSDAY_천마육성,bundle_04,38
THURSDAY_천마육성,bundle_05,35
THURSDAY_최강전설 강해효,bundle_01,10
THURSDAY_최강전설 강해효,bundle_02,11
THURSDAY_최강전설 강해효,bundle_03,10
THURSDAY_최강전설 강해효,bundle_04,12
THURSDAY_최강전설 강해효,bundle_05,13
THURSDAY_추억이 찾아오는 가게,bundle_01,10
THURSDAY_추억이 찾아오는 가게,bundle_02,10
THURSDAY_추억이 찾아오는 가게,bundle_03,10
THURSDAY_추억이 찾아오는 가게,bundle_04,10
THURSDAY_추억이 찾아오는 가게,bundle_05,10
THURSDAY_카루나,bundle_01,10
THURSDAY_카루나,bundle_02,12
THURSDAY_카루나,bundle_03,12
THURSDAY_카루나,bundle_04,10
THURSDAY_카루나,bundle_05,10
THURSDAY_쿠베라,bundle_01,10
THURSDAY_쿠베라,bundle_02,10
THURSDAY_쿠베라,bundle_03,10
THURSDAY_쿠베라,bundle_04,10
THURSDAY_쿠베라,bundle_05,10
THURSDAY_학생만 하면 안 될까요_,bundle_01,22
THURSDAY_학생만 하면 안 될까요_,bundle_02,21
THURSDAY_학생만 하면 안 될까요_,bundle_03,21
THURSDAY_학생만 하면 안 될까요_,bundle_04,22
THURSDAY_학생만 하면 안 될까요_,bundle_05,19
THURSDAY_현실퀘스트,bundle_01,26
THURSDAY_현실퀘스트,bundle_02,32
THURSDAY_현실퀘스트,bundle_03,34
THURSDAY_현실퀘스트,bundle_04,35
THURSDAY_현실퀘스트,bundle_05,13
THURSDAY_회귀한 천재 헌터의 슬기로운 청소생활,bundle_01,22
THURSDAY_회귀한 천재 헌터의 슬기로운 청소생활,bundle_02,27
THURSDAY_회귀한 천재 헌터의 슬기로운 청소생활,bundle_03,21
THURSDAY_회귀한 천재 헌터의 슬기로운 청소생활,bundle_04,22
THURSDAY_회귀한 천재 헌터의 슬기로운 청소생활,bundle_05,21
THURSDAY_후회조차 사치인 당신들에게,bundle_01,20
THURSDAY_후회조차 사치인 당신들에게,bundle_02,16
THURSDAY_후회조차 사치인 당신들에게,bundle_03,14
THURSDAY_후회조차 사치인 당신들에게,bundle_04,17
THURSDAY_후회조차 사치인 당신들에게,bundle_05,13
THURSDAY_히든클래스 중력자로 최강을 노린다,bundle_01,21
THURSDAY_히든클래스 중력자로 최강을 노린다,bundle_02,14
THURSDAY_히든클래스 중력자로 최강을 노린다,bundle_03,17
THURSDAY_히든클래스 중력자로 최강을 노린다,bundle_04,15
THURSDAY_히든클래스 중력자로 최강을 노린다,bundle_05,17
TUESDAY_가공낙원,bundle_01,11
TUESDAY_가공낙원,bundle_02,11
TUESDAY_가공낙원,bundle_03,11
TUESDAY_가공낙원,bundle_04,12
TUESDAY_가공낙원,bundle_05,12
TUESDAY_개집사,bundle_01,10
TUESDAY_개집사,bundle_02,10
TUESDAY_개집사,bundle_03,10
TUESDAY_개집사,bundle_04,10
TUESDAY_개집사,bundle_05,10
TUESDAY_괴력 난신,bundle_01,28
TUESDAY_괴력 난신,bundle_02,32
TUESDAY_괴력 난신,bundle_03,29
TUESDAY_괴력 난신,bundle_04,27
TUESDAY_괴력 난신,bundle_05,28
TUESDAY_귀공자,bundle_01,17
TUESDAY_귀공자,bundle_02,14
TUESDAY_귀공자,bundle_03,17
TUESDAY_귀공자,bundle_04,17
TUESDAY_귀공자,bundle_05,18
TUESDAY_그냥 선생님,bundle_01,10
TUESDAY_그냥 선생님,bundle_02,10
TUESDAY_그냥 선생님,bundle_03,10
TUESDAY_그냥 선생님,bundle_04,10
TUESDAY_그냥 선생님,bundle_05,10
TUESDAY_긁지 않은 복권,bundle_01,26
TUESDAY_긁지 않은 복권,bundle_02,28
TUESDAY_긁지 않은 복권,bundle_03,24
TUESDAY_긁지 않은 복권,bundle_04,20
TUESDAY_긁지 않은 복권,bundle_05,20
TUESDAY_김부장,bundle_01,52
TUESDAY_김부장,bundle_02,49
TUESDAY_김부장,bundle_03,42
TUESDAY_김부장,bundle_04,39
TUESDAY_김부장,bundle_05,42
TUESDAY_나만 보는 탑 공략집,bundle_01,25
TUESDAY_나만 보는 탑 공략집,bundle_02,25
TUESDAY_나만 보는 탑 공략집,bundle_03,27
TUESDAY_나만 보는 탑 공략집,bundle_04,22
TUESDAY_나만 보는 탑 공략집,bundle_05,25
TUESDAY_내남친 킹카만들기,bundle_01,21
TUESDAY_내남친 킹카만들기,bundle_02,23
TUESDAY_내남친 킹카만들기,bundle_03,26
TUESDAY_내남친 킹카만들기,bundle_04,29
TUESDAY_내남친 킹카만들기,bundle_05,25
TUESDAY_던전공략은 복붙이지,bundle_01,41
TUESDAY_던전공략은 복붙이지,bundle_02,47
TUESDAY_던전공략은 복붙이지,bundle_03,26
TUESDAY_던전공략은 복붙이지,bundle_04,26
TUESDAY_던전공략은 복붙이지,bundle_05,20
TUESDAY_렌탈히어로,bundle_01,19
TUESDAY_렌탈히어로,bundle_02,24
TUESDAY_렌탈히어로,bundle_03,23
TUESDAY_렌탈히어로,bundle_04,24
TUESDAY_렌탈히어로,bundle_05,20
TUESDAY_멸망 이후의 세계,bundle_01,24
TUESDAY_멸망 이후의 세계,bundle_02,22
TUESDAY_멸망 이후의 세계,bundle_03,24
TUESDAY_멸망 이후의 세계,bundle_04,20
TUESDAY_멸망 이후의 세계,bundle_05,20
TUESDAY_못 잡아먹어서 안달,bundle_01,14
TUESDAY_못 잡아먹어서 안달,bundle_02,13
TUESDAY_못 잡아먹어서 안달,bundle_03,12
TUESDAY_못 잡아먹어서 안달,bundle_04,12
TUESDAY_못 잡아먹어서 안달,bundle_05,14
TUESDAY_무원야담,bundle_01,15
TUESDAY_무원야담,bundle_02,19
TUESDAY_무원야담,bundle_03,18
TUESDAY_무원야담,bundle_04,16
TUESDAY_무원야담,bundle_05,16
TUESDAY_문어숙희숙회,bundle_01,17
TUESDAY_문어숙희숙회,bundle_02,18
TUESDAY_문어숙희숙회,bundle_03,22
TUESDAY_문어숙희숙회,bundle_04,19
TUESDAY_문어숙희숙회,bundle_05,21
TUESDAY_백씨세가 시한부 공자,bundle_01,23
TUESDAY_백씨세가 시한부 공자,bundle_02,26
TUESDAY_백씨세가 시한부 공자,bundle_03,27
TUESDAY_백씨세가 시한부 공자,bundle_04,25
TUESDAY_백씨세가 시한부 공자,bundle_05,19
TUESDAY_불 빌려드릴까요_,bundle_01,14
TUESDAY_불 빌려드릴까요_,bundle_02,10
TUESDAY_불 빌려드릴까요_,bundle_03,12
TUESDAY_불 빌려드릴까요_,bundle_04,12
TUESDAY_불 빌려드릴까요_,bundle_05,11
TUESDAY_붉은 이정표,bundle_01,18
TUESDAY_붉은 이정표,bundle_02,15
TUESDAY_붉은 이정표,bundle_03,20
TUESDAY_붉은 이정표,bundle_04,24
TUESDAY_붉은 이정표,bundle_05,26
TUESDAY_빌런투킬,bundle_01,18
TUESDAY_빌런투킬,bundle_02,24
TUESDAY_빌런투킬,bundle_03,23
TUESDAY_빌런투킬,bundle_04,19
TUESDAY_빌런투킬,bundle_05,23
TUESDAY_빛나는 나나나나,bundle_01,38
TUESDAY_빛나는 나나나나,bundle_02,27
TUESDAY_빛나는 나나나나,bundle_03,23
TUESDAY_빛나는 나나나나,bundle_04,23
TUESDAY_빛나는 나나나나,bundle_05,25
TUESDAY_사리네 보석함,bundle_01,16
TUESDAY_사리네 보석함,bundle_02,14
TUESDAY_사리네 보석함,bundle_03,17
TUESDAY_사리네 보석함,bundle_04,18
TUESDAY_사리네 보석함,bundle_05,14
TUESDAY_사변괴담,bundle_01,18
TUESDAY_사변괴담,bundle_02,16
TUESDAY_사변괴담,bundle_03,15
TUESDAY_사변괴담,bundle_04,14
TUESDAY_사변괴담,bundle_05,15
TUESDAY_사신소년,bundle_01,23
TUESDAY_사신소년,bundle_02,27
TUESDAY_사신소년,bundle_03,32
TUESDAY_사신소년,bundle_04,35
TUESDAY_사신소년,bundle_05,42
TUESDAY_사표내고 이계에서 힐링합니다,bundle_01,14
TUESDAY_사표내고 이계에서 힐링합니다,bundle_02,16
TUESDAY_사표내고 이계에서 힐링합니다,bundle_03,16
TUESDAY_사표내고 이계에서 힐링합니다,bundle_04,17
TUESDAY_사표내고 이계에서 힐링합니다,bundle_05,13
TUESDAY_성검전설,bundle_01,19
TUESDAY_성검전설,bundle_02,17
TUESDAY_성검전설,bundle_03,16
TUESDAY_성검전설,bundle_04,15
TUESDAY_성검전설,bundle_05,19
TUESDAY_시한부 황후의 나쁜 짓,bundle_01,25
TUESDAY_시한부 황후의 나쁜 짓,bundle_02,14
TUESDAY_시한부 황후의 나쁜 짓,bundle_03,17
TUESDAY_시한부 황후의 나쁜 짓,bundle_04,18
TUESDAY_시한부 황후의 나쁜 짓,bundle_05,21
TUESDAY_신과함께 돌아온 기사왕님,bundle_01,20
TUESDAY_신과함께 돌아온 기사왕님,bundle_02,22
TUESDAY_신과함께 돌아온 기사왕님,bundle_03,22
TUESDAY_신과함께 돌아온 기사왕님,bundle_04,22
TUESDAY_신과함께 돌아온 기사왕님,bundle_05,20
TUESDAY_신입사원 김철수,bundle_01,23
TUESDAY_신입사원 김철수,bundle_02,27
TUESDAY_신입사원 김철수,bundle_03,26
TUESDAY_신입사원 김철수,bundle_04,32
TUESDAY_신입사원 김철수,bundle_05,23
TUESDAY_아름다운 줄리엣을 위하여,bundle_01,18
TUESDAY_아름다운 줄리엣을 위하여,bundle_02,18
TUESDAY_아름다운 줄리엣을 위하여,bundle_03,19
TUESDAY_아름다운 줄리엣을 위하여,bundle_04,19
TUESDAY_아름다운 줄리엣을 위하여,bundle_05,19
TUESDAY_아카데미 플레이어를 죽였다,bundle_01,48
TUESDAY_아카데미 플레이어를 죽였다,bundle_02,47
TUESDAY_아카데미 플레이어를 죽였다,bundle_03,45
TUESDAY_아카데미 플레이어를 죽였다,bundle_04,41
TUESDAY_아카데미 플레이어를 죽였다,bundle_05,37
TUESDAY_아카데미가 망했다,bundle_01,25
TUESDAY_아카데미가 망했다,bundle_02,20
TUESDAY_아카데미가 망했다,bundle_03,17
TUESDAY_아카데미가 망했다,bundle_04,19
TUESDAY_아카데미가 망했다,bundle_05,19
TUESDAY_아포칼립스에 물류센터를 숨김,bundle_01,28
TUESDAY_아포칼립스에 물류센터를 숨김,bundle_02,30
TUESDAY_아포칼립스에 물류센터를 숨김,bundle_03,29
TUESDAY_아포칼립스에 물류센터를 숨김,bundle_04,23
TUESDAY_아포칼립스에 물류센터를 숨김,bundle_05,25
TUESDAY_약 파는 황태자,bundle_01,27
TUESDAY_약 파는 황태자,bundle_02,26
TUESDAY_약 파는 황태자,bundle_03,20
TUESDAY_약 파는 황태자,bundle_04,22
TUESDAY_약 파는 황태자,bundle_05,25
TUESDAY_염라강림,bundle_01,27
TUESDAY_염라강림,bundle_02,26
TUESDAY_염라강림,bundle_03,27
TUESDAY_염라강림,bundle_04,29
TUESDAY_염라강림,bundle_05,26
TUESDAY_왕게임,bundle_01,28
TUESDAY_왕게임,bundle_02,23
TUESDAY_왕게임,bundle_03,26
TUESDAY_왕게임,bundle_04,26
TUESDAY_왕게임,bundle_05,27
TUESDAY_원주민 공포만화,bundle_01,16
TUESDAY_원주민 공포만화,bundle_02,23
TUESDAY_원주민 공포만화,bundle_03,27
TUESDAY_원주민 공포만화,bundle_04,29
TUESDAY_원주민 공포만화,bundle_05,22
TUESDAY_유부 감자,bundle_01,10
TUESDAY_유부 감자,bundle_02,10
TUESDAY_유부 감자,bundle_03,10
TUESDAY_유부 감자,bundle_04,10
TUESDAY_유부 감자,bundle_05,10
TUESDAY_은주의 방 2~3부,bundle_01,15
TUESDAY_은주의 방 2~3부,bundle_02,13
TUESDAY_은주의 방 2~3부,bundle_03,14
TUESDAY_은주의 방 2~3부,bundle_04,17
TUESDAY_은주의 방 2~3부,bundle_05,18
TUESDAY_재난은 늘 곁에 있다,bundle_01,16
TUESDAY_재난은 늘 곁에 있다,bundle_02,17
TUESDAY_재난은 늘 곁에 있다,bundle_03,22
TUESDAY_재난은 늘 곁에 있다,bundle_04,18
TUESDAY_재난은 늘 곁에 있다,bundle_05,20
TUESDAY_저 그런 인재 아닙니다,bundle_01,24
TUESDAY_저 그런 인재 아닙니다,bundle_02,28
TUESDAY_저 그런 인재 아닙니다,bundle_03,30
TUESDAY_저 그런 인재 아닙니다,bundle_04,28
TUESDAY_저 그런 인재 아닙니다,bundle_05,27
TUESDAY_절대회귀,bundle_01,26
TUESDAY_절대회귀,bundle_02,22
TUESDAY_절대회귀,bundle_03,24
TUESDAY_절대회귀,bundle_04,24
TUESDAY_절대회귀,bundle_05,22
TUESDAY_죽어 천국에 가다,bundle_01,10
TUESDAY_죽어 천국에 가다,bundle_02,11
TUESDAY_죽어 천국에 가다,bundle_03,10
TUESDAY_죽어 천국에 가다,bundle_04,11
TUESDAY_죽어 천국에 가다,bundle_05,10
TUESDAY_천마는 평범하게 살 수 없다,bundle_01,20
TUESDAY_천마는 평범하게 살 수 없다,bundle_02,22
TUESDAY_천마는 평범하게 살 수 없다,bundle_03,25
TUESDAY_천마는 평범하게 살 수 없다,bundle_04,21
TUESDAY_천마는 평범하게 살 수 없다,bundle_05,22
TUESDAY_천만청춘,bundle_01,20
TUESDAY_천만청춘,bundle_02,16
TUESDAY_천만청춘,bundle_03,15
TUESDAY_천만청춘,bundle_04,22
TUESDAY_천만청춘,bundle_05,15
TUESDAY_킬링 스프리,bundle_01,10
TUESDAY_킬링 스프리,bundle_02,12
TUESDAY_킬링 스프리,bundle_03,14
TUESDAY_킬링 스프리,bundle_04,11
TUESDAY_킬링 스프리,bundle_05,12
TUESDAY_포 더 퀸덤,bundle_01,24
TUESDAY_포 더 퀸덤,bundle_02,24
TUESDAY_포 더 퀸덤,bundle_03,25
TUESDAY_포 더 퀸덤,bundle_04,23
TUESDAY_포 더 퀸덤,bundle_05,19
TUESDAY_하북팽가 막내아들,bundle_01,21
TUESDAY_하북팽가 막내아들,bundle_02,21
TUESDAY_하북팽가 막내아들,bundle_03,21
TUESDAY_하북팽가 막내아들,bundle_04,22
TUESDAY_하북팽가 막내아들,bundle_05,22
TUESDAY_한림체육관,bundle_01,27
TUESDAY_한림체육관,bundle_02,34
TUESDAY_한림체육관,bundle_03,34
TUESDAY_한림체육관,bundle_04,48
TUESDAY_한림체육관,bundle_05,44
TUESDAY_헬스x로맨스,bundle_01,13
TUESDAY_헬스x로맨스,bundle_02,14
TUESDAY_헬스x로맨스,bundle_03,16
TUESDAY_헬스x로맨스,bundle_04,16
TUESDAY_헬스x로맨스,bundle_05,15
TUESDAY_흑역사 어게인,bundle_01,18
TUESDAY_흑역사 어게인,bundle_02,15
TUESDAY_흑역사 어게인,bundle_03,14
TUESDAY_흑역사 어게인,bundle_04,14
TUESDAY_흑역사 어게인,bundle_05,17
WEDNESDAY_건곤불이기,bundle_01,35
WEDNESDAY_건곤불이기,bundle_02,22
WEDNESDAY_건곤불이기,bundle_03,23
WEDNESDAY_건곤불이기,bundle_04,21
WEDNESDAY_건곤불이기,bundle_05,22
WEDNESDAY_고백하면 끝나는 만화,bundle_01,10
WEDNESDAY_고백하면 끝나는 만화,bundle_02,10
WEDNESDAY_고백하면 끝나는 만화,bundle_03,10
WEDNESDAY_고백하면 끝나는 만화,bundle_04,10
WEDNESDAY_고백하면 끝나는 만화,bundle_05,10
WEDNESDAY_귀령,bundle_01,31
WEDNESDAY_귀령,bundle_02,28
WEDNESDAY_귀령,bundle_03,23
WEDNESDAY_귀령,bundle_04,25
WEDNESDAY_귀령,bundle_05,24
WEDNESDAY_그림자의 밤,bundle_01,20
WEDNESDAY_그림자의 밤,bundle_02,19
WEDNESDAY_그림자의 밤,bundle_03,19
WEDNESDAY_그림자의 밤,bundle_04,19
WEDNESDAY_그림자의 밤,bundle_05,18
WEDNESDAY_나쁜사람,bundle_01,20
WEDNESDAY_나쁜사람,bundle_02,21
WEDNESDAY_나쁜사람,bundle_03,23
WEDNESDAY_나쁜사람,bundle_04,23
WEDNESDAY_나쁜사람,bundle_05,23
WEDNESDAY_나태한 마왕은 신과 싸우기로 결심한다,bundle_01,13
WEDNESDAY_나태한 마왕은 신과 싸우기로 결심한다,bundle_02,21
WEDNESDAY_나태한 마왕은 신과 싸우기로 결심한다,bundle_03,19
WEDNESDAY_나태한 마왕은 신과 싸우기로 결심한다,bundle_04,19
WEDNESDAY_나태한 마왕은 신과 싸우기로 결심한다,bundle_05,18
WEDNESDAY_내 분신이 거물이 되어간다,bundle_01,30
WEDNESDAY_내 분신이 거물이 되어간다,bundle_02,32
WEDNESDAY_내 분신이 거물이 되어간다,bundle_03,26
WEDNESDAY_내 분신이 거물이 되어간다,bundle_04,27
WEDNESDAY_내 분신이 거물이 되어간다,bundle_05,17
WEDNESDAY_대장전,bundle_01,28
WEDNESDAY_대장전,bundle_02,25
WEDNESDAY_대장전,bundle_03,24
WEDNESDAY_대장전,bundle_04,24
WEDNESDAY_대장전,bundle_05,26
WEDNESDAY_두 번 사는 프로듀서,bundle_01,14
WEDNESDAY_두 번 사는 프로듀서,bundle_02,19
WEDNESDAY_두 번 사는 프로듀서,bundle_03,15
WEDNESDAY_두 번 사는 프로듀서,bundle_04,15
WEDNESDAY_두 번 사는 프로듀서,bundle_05,14
WEDNESDAY_마침표의 유예기간,bundle_01,11
WEDNESDAY_마침표의 유예기간,bundle_02,15
WEDNESDAY_마침표의 유예기간,bundle_03,16
WEDNESDAY_마침표의 유예기간,bundle_04,16
WEDNESDAY_마침표의 유예기간,bundle_05,17
WEDNESDAY_말숙이를 부탁해,bundle_01,18
WEDNESDAY_말숙이를 부탁해,bundle_02,20
WEDNESDAY_말숙이를 부탁해,bundle_03,20
WEDNESDAY_말숙이를 부탁해,bundle_04,22
WEDNESDAY_말숙이를 부탁해,bundle_05,21
WEDNESDAY_멸종위기종인간,bundle_01,37
WEDNESDAY_멸종위기종인간,bundle_02,15
WEDNESDAY_멸종위기종인간,bundle_03,15
WEDNESDAY_멸종위기종인간,bundle_04,15
WEDNESDAY_멸종위기종인간,bundle_05,14
WEDNESDAY_무림서부,bundle_01,26
WEDNESDAY_무림서부,bundle_02,28
WEDNESDAY_무림서부,bundle_03,24
WEDNESDAY_무림서부,bundle_04,26
WEDNESDAY_무림서부,bundle_05,24
WEDNESDAY_무직백수 계백순,bundle_01,11
WEDNESDAY_무직백수 계백순,bundle_02,13
WEDNESDAY_무직백수 계백순,bundle_03,12
WEDNESDAY_무직백수 계백순,bundle_04,10
WEDNESDAY_무직백수 계백순,bundle_05,10
WEDNESDAY_미래의 골동품 가게,bundle_01,24
WEDNESDAY_미래의 골동품 가게,bundle_02,20
WEDNESDAY_미래의 골동품 가게,bundle_03,19
WEDNESDAY_미래의 골동품 가게,bundle_04,20
WEDNESDAY_미래의 골동품 가게,bundle_05,31
WEDNESDAY_백XX,bundle_01,36
WEDNESDAY_백XX,bundle_02,32
WEDNESDAY_백XX,bundle_03,34
WEDNESDAY_백XX,bundle_04,41
WEDNESDAY_백XX,bundle_05,32
WEDNESDAY_범상찮은 밤,bundle_01,32
WEDNESDAY_범상찮은 밤,bundle_02,20
WEDNESDAY_범상찮은 밤,bundle_03,23
WEDNESDAY_범상찮은 밤,bundle_04,15
WEDNESDAY_범상찮은 밤,bundle_05,16
WEDNESDAY_법법궤궤,bundle_01,22
WEDNESDAY_법법궤궤,bundle_02,27
WEDNESDAY_법법궤궤,bundle_03,26
WEDNESDAY_법법궤궤,bundle_04,22
WEDNESDAY_법법궤궤,bundle_05,26
WEDNESDAY_베이비 폭군,bundle_01,19
WEDNESDAY_베이비 폭군,bundle_02,19
WEDNESDAY_베이비 폭군,bundle_03,22
WEDNESDAY_베이비 폭군,bundle_04,22
WEDNESDAY_베이비 폭군,bundle_05,24
WEDNESDAY_빌드업,bundle_01,15
WEDNESDAY_빌드업,bundle_02,16
WEDNESDAY_빌드업,bundle_03,20
WEDNESDAY_빌드업,bundle_04,27
WEDNESDAY_빌드업,bundle_05,30
WEDNESDAY_뽀대작렬,bundle_01,25
WEDNESDAY_뽀대작렬,bundle_02,25
WEDNESDAY_뽀대작렬,bundle_03,28
WEDNESDAY_뽀대작렬,bundle_04,24
WEDNESDAY_뽀대작렬,bundle_05,32
WEDNESDAY_사천당가의 검신급 소가주가 되었다,bundle_01,26
WEDNESDAY_사천당가의 검신급 소가주가 되었다,bundle_02,28
WEDNESDAY_사천당가의 검신급 소가주가 되었다,bundle_03,22
WEDNESDAY_사천당가의 검신급 소가주가 되었다,bundle_04,21
WEDNESDAY_사천당가의 검신급 소가주가 되었다,bundle_05,19
WEDNESDAY_생존버스,bundle_01,10
WEDNESDAY_생존버스,bundle_02,10
WEDNESDAY_생존버스,bundle_03,10
WEDNESDAY_생존버스,bundle_04,10
WEDNESDAY_생존버스,bundle_05,10
WEDNESDAY_수인 보호소에서 남주를 입양해 버렸다,bundle_01,17
WEDNESDAY_수인 보호소에서 남주를 입양해 버렸다,bundle_02,20
WEDNESDAY_수인 보호소에서 남주를 입양해 버렸다,bundle_03,12
WEDNESDAY_수인 보호소에서 남주를 입양해 버렸다,bundle_04,14
WEDNESDAY_수인 보호소에서 남주를 입양해 버렸다,bundle_05,13
WEDNESDAY_시바_ 만만치 않다,bundle_01,10
WEDNESDAY_시바_ 만만치 않다,bundle_02,10
WEDNESDAY_시바_ 만만치 않다,bundle_03,10
WEDNESDAY_시바_ 만만치 않다,bundle_04,10
WEDNESDAY_시바_ 만만치 않다,bundle_05,10
WEDNESDAY_쌉초의 난,bundle_01,10
WEDNESDAY_쌉초의 난,bundle_02,10
WEDNESDAY_쌉초의 난,bundle_03,10
WEDNESDAY_쌉초의 난,bundle_04,10
WEDNESDAY_쌉초의 난,bundle_05,10
WEDNESDAY_어느 마법사의 식당,bundle_01,20
WEDNESDAY_어느 마법사의 식당,bundle_02,23
WEDNESDAY_어느 마법사의 식당,bundle_03,23
WEDNESDAY_어느 마법사의 식당,bundle_04,27
WEDNESDAY_어느 마법사의 식당,bundle_05,25
WEDNESDAY_언덕 위의 제임스,bundle_01,10
WEDNESDAY_언덕 위의 제임스,bundle_02,10
WEDNESDAY_언덕 위의 제임스,bundle_03,36
WEDNESDAY_언덕 위의 제임스,bundle_04,36
WEDNESDAY_언덕 위의 제임스,bundle_05,39
WEDNESDAY_여명의 등불,bundle_01,22
WEDNESDAY_여명의 등불,bundle_02,19
WEDNESDAY_여명의 등불,bundle_03,19
WEDNESDAY_여명의 등불,bundle_04,19
WEDNESDAY_여명의 등불,bundle_05,18
WEDNESDAY_연애일기,bundle_01,10
WEDNESDAY_연애일기,bundle_02,10
WEDNESDAY_연애일기,bundle_03,10
WEDNESDAY_연애일기,bundle_04,10
WEDNESDAY_연애일기,bundle_05,10
WEDNESDAY_왕따가 격투기를 너무 잘함,bundle_01,28
WEDNESDAY_왕따가 격투기를 너무 잘함,bundle_02,33
WEDNESDAY_왕따가 격투기를 너무 잘함,bundle_03,32
WEDNESDAY_왕따가 격투기를 너무 잘함,bundle_04,32
WEDNESDAY_왕따가 격투기를 너무 잘함,bundle_05,39
WEDNESDAY_우리의 연애일지,bundle_01,10
WEDNESDAY_우리의 연애일지,bundle_02,10
WEDNESDAY_우리의 연애일지,bundle_03,10
WEDNESDAY_우리의 연애일지,bundle_04,10
WEDNESDAY_우리의 연애일지,bundle_05,10
WEDNESDAY_운명을 보는 회사원,bundle_01,19
WEDNESDAY_운명을 보는 회사원,bundle_02,22
WEDNESDAY_운명을 보는 회사원,bundle_03,23
WEDNESDAY_운명을 보는 회사원,bundle_04,22
WEDNESDAY_운명을 보는 회사원,bundle_05,23
WEDNESDAY_울어 봐_ 빌어도 좋고,bundle_01,19
WEDNESDAY_울어 봐_ 빌어도 좋고,bundle_02,14
WEDNESDAY_울어 봐_ 빌어도 좋고,bundle_03,21
WEDNESDAY_울어 봐_ 빌어도 좋고,bundle_04,18
WEDNESDAY_울어 봐_ 빌어도 좋고,bundle_05,12
WEDNESDAY_일렉시드,bundle_01,18
WEDNESDAY_일렉시드,bundle_02,17
WEDNESDAY_일렉시드,bundle_03,22
WEDNESDAY_일렉시드,bundle_04,21
WEDNESDAY_일렉시드,bundle_05,24
WEDNESDAY_잠겨죽어도,bundle_01,15
WEDNESDAY_잠겨죽어도,bundle_02,16
WEDNESDAY_잠겨죽어도,bundle_03,18
WEDNESDAY_잠겨죽어도,bundle_04,14
WEDNESDAY_잠겨죽어도,bundle_05,14
WEDNESDAY_저주인형 김명자,bundle_01,24
WEDNESDAY_저주인형 김명자,bundle_02,18
WEDNESDAY_저주인형 김명자,bundle_03,17
WEDNESDAY_저주인형 김명자,bundle_04,16
WEDNESDAY_저주인형 김명자,bundle_05,15
WEDNESDAY_전지적 독자 시점,bundle_01,20
WEDNESDAY_전지적 독자 시점,bundle_02,15
WEDNESDAY_전지적 독자 시점,bundle_03,16
WEDNESDAY_전지적 독자 시점,bundle_04,22
WEDNESDAY_전지적 독자 시점,bundle_05,16
WEDNESDAY_조선왕조실톡,bundle_01,10
WEDNESDAY_조선왕조실톡,bundle_02,10
WEDNESDAY_조선왕조실톡,bundle_03,10
WEDNESDAY_조선왕조실톡,bundle_04,10
WEDNESDAY_조선왕조실톡,bundle_05,10
WEDNESDAY_조조코믹스,bundle_01,10
WEDNESDAY_조조코믹스,bundle_02,10
WEDNESDAY_조조코믹스,bundle_03,10
WEDNESDAY_조조코믹스,bundle_04,10
WEDNESDAY_조조코믹스,bundle_05,10
WEDNESDAY_좀비상조,bundle_01,22
WEDNESDAY_좀비상조,bundle_02,36
WEDNESDAY_좀비상조,bundle_03,34
WEDNESDAY_좀비상조,bundle_04,30
WEDNESDAY_좀비상조,bundle_05,26
WEDNESDAY_줄리에게,bundle_01,23
WEDNESDAY_줄리에게,bundle_02,23
WEDNESDAY_줄리에게,bundle_03,18
WEDNESDAY_줄리에게,bundle_04,25
WEDNESDAY_줄리에게,bundle_05,19
WEDNESDAY_짝사랑은 결혼으로 끝나지 않는다,bundle_01,20
WEDNESDAY_짝사랑은 결혼으로 끝나지 않는다,bundle_02,20
WEDNESDAY_짝사랑은 결혼으로 끝나지 않는다,bundle_03,18
WEDNESDAY_짝사랑은 결혼으로 끝나지 않는다,bundle_04,16
WEDNESDAY_짝사랑은 결혼으로 끝나지 않는다,bundle_05,15
WEDNESDAY_칼부림,bundle_01,10
WEDNESDAY_칼부림,bundle_02,10
WEDNESDAY_칼부림,bundle_03,10
WEDNESDAY_칼부림,bundle_04,10
WEDNESDAY_칼부림,bundle_05,10
WEDNESDAY_캐슬2_만인지상,bundle_01,23
WEDNESDAY_캐슬2_만인지상,bundle_02,26
WEDNESDAY_캐슬2_만인지상,bundle_03,27
WEDNESDAY_캐슬2_만인지상,bundle_04,28
WEDNESDAY_캐슬2_만인지상,bundle_05,26
WEDNESDAY_흔한 빙의물인 줄 알았다,bundle_01,20
WEDNESDAY_흔한 빙의물인 줄 알았다,bundle_02,16
WEDNESDAY_흔한 빙의물인 줄 알았다,bundle_03,15
WEDNESDAY_흔한 빙의물인 줄 알았다,bundle_04,13
WEDNESDAY_흔한 빙의물인 줄 알았다,bundle_05,16
